Selection,View,Channel,Begin.Time..s.,End.Time..s.,Low.Freq..Hz.,High.Freq..Hz.,Peak.Freq..Hz.,Delta.Time..s.,,Center.Time..s.,Dur.90...s.,BW.90...Hz.,Pace1,Pace2,Total.Pace,N..of.notes,notes.2,notes.1,source,Begin.File
1,Spectrogram 1,1,13.57158423,16.89531655,1229.88,4919.522,2153.32,3.3237,,15.5167,2.0143,344.531,6.08,2.49,8.57,31,9,22,argentina,129752.wav
2,Spectrogram 1,1,37.43410362,40.55898016,1251.843,4765.787,2153.32,3.1249,,39.4043,1.817,344.531,6.24,2.68,8.92,30,9,21,argentina,129752.wav
3,Spectrogram 1,1,70.21620421,73.47365128,1229.88,4963.446,2153.32,3.2574,,72.2547,1.8576,344.531,5.68,2.44,8.12,30,9,21,argentina,129752.wav
4,Spectrogram 1,1,94.59675669,97.75951052,1251.843,4721.863,2067.188,3.1628,,96.6066,1.8982,344.531,5.99,2.45,8.44,31,9,22,argentina,129752.wav
5,Spectrogram 1,1,112.9648108,116.2790738,922.41,5029.333,2153.32,3.3143,,114.9446,2.1478,344.531,5.57,2.28,7.85,31,9,22,argentina,129752.wav
6,Spectrogram 1,1,129.7826755,133.0685305,988.297,4809.711,2153.32,3.2859,,131.7268,2.1188,344.531,5.86,2.4,8.26,31,9,22,argentina,129752.wav
7,Spectrogram 1,1,148.5267221,151.604252,966.335,4699.9,2153.32,3.0775,,150.4653,1.8692,344.531,5.51,2.36,7.87,30,9,21,argentina,129752.wav
8,Spectrogram 1,1,167.2139528,170.4713999,1076.145,4919.522,2153.32,3.2574,,169.256,1.8576,344.531,5.83,2.39,8.22,31,9,22,argentina,129752.wav
9,Spectrogram 1,1,188.1047557,191.3527335,944.373,5007.371,2153.32,3.248,,190.1424,1.9505,344.531,7.2,2.95,10.15,31,9,22,argentina,129752.wav
10,Spectrogram 1,1,211.9118497,215.3492139,1054.183,5029.333,2153.32,3.4374,,214.0009,2.2117,344.531,7.16,3.25,10.41,32,10,22,argentina,129752.wav
11,Spectrogram 1,1,231.5919695,234.6979074,900.448,4853.635,2153.32,3.1059,,233.5115,1.8634,344.531,7.11,2.59,9.7,30,8,22,argentina,129752.wav
12,Spectrogram 1,1,250.7768176,254.1668352,922.41,4963.446,2153.32,3.39,,252.8537,2.1711,344.531,6.66,3.03,9.69,32,10,22,argentina,129752.wav
13,Spectrogram 1,1,261.402006,264.6405144,878.486,5007.371,2067.188,3.2385,,263.4536,1.9389,344.531,6.78,2.77,9.55,31,9,22,argentina,129752.wav
14,Spectrogram 1,1,277.8330186,281.0336498,988.297,4919.522,2067.188,3.2006,,279.7482,2.0898,344.531,7.14,2.92,10.05,31,9,22,argentina,129752.wav
15,Spectrogram 1,1,295.0714429,298.3194207,1010.259,4985.408,2067.188,3.248,,297.1283,1.9447,344.531,6.96,2.85,9.81,31,9,22,argentina,129752.wav
16,Spectrogram 1,1,313.0688032,316.3357196,900.448,4941.484,2067.188,3.2669,,315.1296,2.0376,344.531,7.04,2.88,9.92,31,9,22,argentina,129752.wav
17,Spectrogram 1,1,333.5969923,336.8828473,1010.259,4941.484,2067.188,3.2859,,335.569,2.1246,344.531,7.32,2.99,10.31,31,9,22,argentina,129752.wav
18,Spectrogram 1,1,349.9931248,353.2647759,1196.937,4941.484,2067.188,3.2717,,352.0435,2.113,344.531,6.67,2.73,9.39,31,9,22,argentina,129752.wav
19,Spectrogram 1,1,366.393992,369.6514391,812.6,4831.673,2067.188,3.2574,,368.4252,2.0259,344.531,6.83,2.79,9.62,31,9,22,argentina,129752.wav
20,Spectrogram 1,1,384.7455397,387.9745788,1032.221,4875.598,2067.188,3.229,,386.7748,2.0317,344.531,6.75,2.76,9.51,31,9,22,argentina,129752.wav
21,Spectrogram 1,1,401.368936,404.725811,988.297,4875.598,2153.32,3.3569,,403.3945,2.1537,344.531,6.63,2.71,9.34,31,9,22,argentina,129752.wav
22,Spectrogram 1,1,419.5634576,422.5273557,1054.183,4875.598,2153.32,2.9639,,421.4073,1.9273,344.531,6.18,2.65,8.83,30,9,21,argentina,129752.wav
23,Spectrogram 1,1,438.0894494,441.2806112,900.448,4941.484,2153.32,3.1912,,440.1168,2.1769,344.531,6.91,2.83,9.74,31,9,22,argentina,129752.wav
24,Spectrogram 1,1,455.3264839,458.6123389,680.827,4897.56,2153.32,3.2859,,457.3692,1.9621,344.531,6.83,2.79,9.62,31,9,22,argentina,129752.wav
25,Spectrogram 1,1,472.884346,476.3027715,900.448,5139.143,2153.32,3.4184,,474.9467,2.1827,344.531,7.02,2.75,9.76,32,9,23,argentina,129752.wav
26,Spectrogram 1,1,491.2292912,494.4015144,1120.07,4699.9,2153.32,3.1722,,493.2267,2.0898,344.531,6.62,2.71,9.33,31,9,22,argentina,129752.wav
27,Spectrogram 1,1,510.5348079,513.7733163,966.335,4787.749,2153.32,3.2385,,512.5747,2.0317,344.531,7.04,2.88,9.92,31,9,22,argentina,129752.wav
28,Spectrogram 1,1,530.4057039,533.663151,988.297,5095.219,2153.32,3.2574,,532.4742,1.9621,344.531,6.75,2.76,9.52,31,9,22,argentina,129752.wav
29,Spectrogram 1,1,547.3372005,550.4336691,1098.108,4853.635,2153.32,3.0965,,549.2912,1.9273,344.531,6.64,2.85,9.49,30,9,21,argentina,129752.wav
30,Spectrogram 1,1,555.331307,558.3614903,1076.145,4875.598,2153.32,3.0302,,557.0699,1.9156,344.531,6.34,2.72,9.05,30,9,21,argentina,129752.wav
31,Spectrogram 1,1,571.4824094,574.5694086,988.297,4809.711,2067.188,3.087,,573.3935,1.8866,344.531,6.39,3.04,9.43,31,10,21,argentina,129752.wav
32,Spectrogram 1,1,588.1487646,591.3967423,1076.145,4853.635,2153.32,3.248,,589.8797,2.1653,344.531,7.15,2.92,10.07,31,9,22,argentina,129752.wav
33,Spectrogram 1,1,607.0170418,610.2555502,856.524,4721.863,2067.188,3.2385,,609.0652,1.9389,344.531,6.75,2.76,9.52,31,9,22,argentina,129752.wav
34,Spectrogram 1,1,622.6785197,625.8223349,856.524,4765.787,2067.188,3.1438,,624.6284,2.0492,344.531,6.47,2.77,9.24,30,9,21,argentina,129752.wav
35,Spectrogram 1,1,639.4841352,642.7415822,988.297,4941.484,2067.188,3.2574,,641.5325,2.1653,344.531,6.4,2.62,9.02,31,9,22,argentina,129752.wav
36,Spectrogram 1,1,658.2214921,661.7062029,1076.145,4919.522,2153.32,3.4847,,660.5264,2.1014,344.531,7.08,2.58,9.66,30,8,22,argentina,129752.wav
37,Spectrogram 1,1,674.2397639,677.3172938,1010.259,4787.749,2153.32,3.0775,,676.2754,1.875,344.531,6.19,2.65,8.85,30,9,21,argentina,129752.wav
1,Spectrogram 1,1,13.68774921,17.0645961,1317.729,3074.701,2067.188,3.3768,,15.8476,2.2581,516.797,6.48,2.78,9.26,30,9,21,argentina,146437.wav
2,Spectrogram 1,1,31.19154929,34.66432933,1405.578,3426.096,2067.188,3.4728,,33.5818,2.142,430.664,7.19,3.12,10.31,33,10,23,argentina,146437.wav
3,Spectrogram 1,1,53.6495181,56.7769388,1405.578,3250.398,2067.188,3.1274,,55.5595,2.2639,430.664,5.85,2.77,8.62,28,9,19,argentina,146437.wav
4,Spectrogram 1,1,81.37981383,84.64267642,1149.189,3851.337,2067.188,3.2629,,83.3132,2.2988,344.531,6.73,2.75,9.49,31,9,22,argentina,146437.wav
5,Spectrogram 1,1,103.5605615,106.7013211,1211.308,3633.923,2067.188,3.1408,,105.5405,2.1072,344.531,6.09,2.74,8.83,29,9,20,argentina,146437.wav
6,Spectrogram 1,1,124.0043607,127.1383368,1118.13,3199.095,2067.188,3.134,,126.0437,2.0317,430.664,6.72,2.45,9.17,30,8,22,argentina,146437.wav
7,Spectrogram 1,1,142.7997699,145.974447,1211.308,3478.627,2067.188,3.1747,,144.73,2.1188,344.531,6.75,2.76,9.52,31,9,22,argentina,146437.wav
8,Spectrogram 1,1,162.358136,165.5599471,900.716,5186.882,2067.188,3.2018,,164.2115,2.0143,344.531,6.81,2.79,9.6,31,9,22,argentina,146437.wav
9,Spectrogram 1,1,186.0269794,189.0863371,1024.953,4876.29,2153.32,3.0594,,188.0294,1.8808,344.531,5.66,2.68,8.34,28,9,19,argentina,146437.wav
10,Spectrogram 1,1,218.7022217,221.8972493,993.894,5000.527,2153.32,3.195,,220.7289,1.7473,344.531,7.09,3.04,10.12,30,9,21,argentina,146437.wav
11,Spectrogram 1,1,242.9790703,246.1266134,993.894,4969.468,2067.188,3.1475,,244.9937,1.8228,344.531,6.89,2.82,9.71,31,9,22,argentina,146437.wav
12,Spectrogram 1,1,262.1329365,265.3279641,993.894,5062.645,2153.32,3.195,,264.0109,2.3104,344.531,6.7,2.74,9.43,31,9,22,argentina,146437.wav
13,Spectrogram 1,1,278.744755,282.041535,1087.071,4627.817,2239.453,3.2968,,280.735,2.1188,344.531,6.44,2.63,9.07,31,9,22,argentina,146437.wav
14,Spectrogram 1,1,297.4658097,300.5251102,1087.071,4814.172,2153.32,3.0593,,299.4387,1.8518,344.531,6.62,2.84,9.46,30,9,21,argentina,146437.wav
15,Spectrogram 1,1,316.0769407,319.2942629,993.894,5062.645,2239.453,3.2173,,318.1424,1.846,344.531,6.79,2.78,9.57,31,9,22,argentina,146437.wav
16,Spectrogram 1,1,336.9236297,340.1030267,993.894,5093.704,2239.453,3.1794,,338.9417,1.9621,344.531,6.75,2.76,9.52,31,9,22,argentina,146437.wav
17,Spectrogram 1,1,360.6686401,364.043984,931.775,5031.586,2239.453,3.3753,,362.7131,2.1943,430.664,7.1,3.23,10.33,32,10,22,argentina,146437.wav
18,Spectrogram 1,1,380.2423988,383.2384905,1056.012,5062.645,2239.453,2.9961,,382.1598,1.846,344.531,6.93,2.97,9.9,30,9,21,argentina,146437.wav
19,Spectrogram 1,1,399.383555,402.6956902,931.775,5155.823,2239.453,3.3121,,401.5194,2.0782,344.531,7.13,3.24,10.37,32,10,22,argentina,146437.wav
20,Spectrogram 1,1,433.5041261,436.7783361,1087.071,5000.527,1981.055,3.2742,,435.6005,2.2814,344.531,6.77,2.77,9.54,31,9,22,argentina,146437.wav
21,Spectrogram 1,1,452.3987685,455.5655238,869.657,5000.527,2153.32,3.1668,,454.3797,2.1653,344.531,6.79,2.78,9.57,31,9,22,argentina,146437.wav
22,Spectrogram 1,1,467.9697358,471.0543197,931.775,4876.29,2153.32,3.0846,,469.8848,2.2059,344.531,6.68,2.86,9.54,30,9,21,argentina,146437.wav
23,Spectrogram 1,1,484.7578473,487.9182816,1087.071,4752.053,2153.32,3.1604,,486.7193,2.2291,344.531,6.75,2.76,9.52,31,9,22,argentina,146437.wav
24,Spectrogram 1,1,503.3806923,506.7813197,1149.189,4969.468,1981.055,3.4006,,505.4868,2.1304,344.531,6.03,2.58,8.61,30,9,21,argentina,146437.wav
25,Spectrogram 1,1,519.294668,522.3666102,962.834,4907.349,1981.055,3.0719,,521.2241,2.2233,344.531,7.15,2.92,10.07,31,9,22,argentina,146437.wav
1,Spectrogram 1,1,12.44988638,15.37750856,498.305,3052.119,1981.055,2.9276,,14.3209,2.0782,516.797,6.831534363,2.391037027,9.22257139,27,7,20,argentina,146527.wav
2,Spectrogram 1,1,28.76201621,31.9641653,1057.065,2422.44,1981.055,3.2021,,30.6968,2.2291,258.398,5.933606071,2.810655507,8.744261578,28,9,19,argentina,146527.wav
1,Spectrogram 1,1,6.289429962,8.95114356,685.169,2761.441,1722.656,2.6617,,7.8309,1.7125,258.398,4.508396889,2.254198445,6.762595334,18,6,12,argentina,166702.wav
2,Spectrogram 1,1,23.75441205,26.36580971,685.169,2636.864,1808.789,2.6114,,25.0717,1.5557,258.398,4.595236272,2.297618136,6.892854408,18,6,12,argentina,166702.wav
1,Spectrogram 1,1,4.288769093,7.03761006,1130.472,2304.988,1808.789,2.7488,,5.9617,1.579,258.398,6.912107101,3.637951106,10.55005821,29,10,19,argentina,167728461.wav
2,Spectrogram 1,1,13.61294458,16.62702459,1145.153,2804.158,1894.922,3.0141,,15.3832,1.7067,258.398,6.635479911,3.317739956,9.953219867,30,10,20,argentina,167728461.wav
1,Spectrogram 1,1,1.944367606,5.359893259,913.559,3238.983,1894.922,3.4155,,3.9358,2.0259,344.531,6.441223833,2.635046113,9.076269946,31,9,22,argentina,179479801.wav
2,Spectrogram 1,1,31.06794491,34.49304681,975.847,3197.458,1981.055,3.4251,,33.0594,1.9273,344.531,6.131207848,2.627660506,8.758868354,30,9,21,argentina,179479801.wav
1,Spectrogram 1,1,1.153084057,4.622796797,704.71,2760.113,1894.922,3.4697,,3.0882,2.1304,344.531,6.052396461,2.593884197,8.646280658,30,9,21,argentina,179480051.wav
2,Spectrogram 1,1,25.55468594,29.13476727,704.71,2877.565,1894.922,3.5801,,27.5911,2.1362,258.398,5.86575794,2.793218067,8.658976006,31,10,21,argentina,179480051.wav
1,Spectrogram 1,1,3.114280325,6.549161827,1055.655,3511.67,2062.5,3.4349,,5.088,2.296,375,6.695973682,3.202422196,9.898395878,34,11,23,argentina,186294011.wav
2,Spectrogram 1,1,17.22203247,20.71022698,1081.607,3427.627,2062.5,3.4882,,19.112,2.4587,375,6.306977811,3.440169715,9.747147526,34,12,22,argentina,186294011.wav
1,Spectrogram 1,1,0.786299979,3.8001665,1017.373,2865.254,1981.055,3.0139,,2.798,1.9389,344.531,5.972328213,2.986164106,8.958492319,27,9,18,argentina,216417.wav
2,Spectrogram 1,1,14.99078324,18.08077174,1141.949,2699.153,1894.922,3.09,,17.0028,1.8112,344.531,5.825242718,3.236245955,9.061488673,28,10,18,argentina,216417.wav
1,Spectrogram 1,1,1.44312621,4.294600921,1266.5,3301.3,2325.586,2.8515,,3.1521,1.8982,516.797,6.312467123,2.805540943,9.118008066,26,8,18,argentina,217106.wav
2,Spectrogram 1,1,19.53365134,22.25192568,1308.1,3446.6,2067.188,2.7183,,21.1185,1.9215,516.797,6.253908693,2.943015855,9.196924548,25,8,17,argentina,217106.wav
1,Spectrogram 1,1,1.524710277,5.427362518,1048.5,2844.5,1981.055,3.9027,,3.9416,2.5542,344.531,6.149588746,3.074794373,9.224383119,36,12,24,argentina,244366371.wav
2,Spectrogram 1,1,22.38328652,25.78081395,1048.5,2761.4,1981.055,3.3975,,24.5203,2.1362,344.531,6.475349522,3.237674761,9.713024283,33,11,22,argentina,244366371.wav
1,Spectrogram 1,1,1.147382424,4.422710473,910.25,2906.928,1981.055,3.2753,,3.1057,2.4091,344.531,6.71694196,3.35847098,10.07541294,33,11,22,argentina,244366381.wav
2,Spectrogram 1,1,12.66137401,15.97321944,968.976,2965.654,1981.055,3.3118,,14.7737,2.0666,258.398,6.642913219,3.32145661,9.964369829,33,11,22,argentina,244366381.wav
1,Spectrogram 1,1,1.99891551,5.321699876,1183.475,3425.847,2067.188,3.3228,,4.1912,1.8518,344.531,6.921873119,3.009510052,9.931383171,33,10,23,argentina,301126.wav
1,Spectrogram 1,1,3.765507729,7.14173885,836.843,3273.964,1981.055,3.3762,,5.8804,1.7531,258.398,7.108583615,2.961909839,10.07049345,34,10,24,argentina,301127.wav
2,Spectrogram 1,1,17.59415825,21.02609959,822.161,3406.097,1981.055,3.4319,,19.7486,1.8808,344.531,6.701826976,2.913837816,9.615664792,33,10,23,argentina,301127.wav
1,Spectrogram 1,1,2.888030946,6.319121104,1042.383,3347.372,1981.055,3.4311,,4.7659,2.8096,430.664,6.994841305,2.91451721,9.909358515,34,10,24,argentina,301128.wav
2,Spectrogram 1,1,19.78073737,23.04619686,880.887,3729.089,2067.188,3.2655,,21.937,2.5252,430.664,7.043331802,3.062318175,10.10564998,33,10,23,argentina,301128.wav
1,Spectrogram 1,1,4.341735321,7.317998049,685.169,3425.847,1808.789,2.9763,,6.1417,1.8054,516.797,6.719752713,3.359876357,10.07962907,30,10,20,argentina,301295.wav
2,Spectrogram 1,1,22.00878088,25.04346199,622.881,3197.458,1636.523,3.0347,,23.6727,2.1827,430.664,6.919959139,2.965696774,9.885655913,30,9,21,argentina,301295.wav
1,Spectrogram 1,1,4.876334596,7.82602995,664.407,3135.169,1981.055,2.9497,,6.5422,2.4961,602.93,6.10231549,3.051157745,9.153473235,27,9,18,argentina,301296.wav
2,Spectrogram 1,1,19.54325653,22.69347305,768.22,3259.746,1981.055,3.1502,,21.3856,2.4555,602.93,6.348803251,2.856961463,9.205764713,29,9,20,argentina,301296.wav
1,Spectrogram 1,1,2.905562457,6.608960325,1308.051,2989.831,1981.055,3.7034,,5.12,2.5774,258.398,6.480531404,2.700221418,9.180752822,34,10,24,argentina,372099461.wav
1,Spectrogram 1,1,3.184076966,6.085350124,1400.847,3101.111,1968.75,2.9013,,5.024,1.872,281.25,5.514769241,3.102057698,8.61682694,25,9,16,argentina,377056201.wav
1,Spectrogram 1,1,16.12213582,19.12905638,1246.426,2732.548,1875,3.0069,,17.9147,1.9627,281.25,5.653663241,2.993115834,8.646779075,26,9,17,argentina,419693231.wav
2,Spectrogram 1,1,31.73823731,34.40770787,1166.526,2924.306,1968.75,2.6695,,33.36,1.7493,375,6.368233752,2.996815883,9.365049635,25,8,17,argentina,419693231.wav
1,Spectrogram 1,1,0.109583297,2.761997181,1079.661,3218.22,1981.055,2.6524,,1.6602,1.8924,344.531,7.163323782,3.016136329,10.17946011,27,8,19,argentina,471745631.wav
2,Spectrogram 1,1,10.18322849,12.80077497,934.322,3322.034,2153.32,2.6175,,11.7493,1.817,344.531,7.258834766,3.05635148,10.31518625,27,8,19,argentina,471745631.wav
1,Spectrogram 1,1,5.350578944,8.65716313,1218.561,2833.521,1894.922,3.3066,,7.2098,2.4439,258.398,6.653359947,2.419403617,9.072763564,30,8,22,argentina,50686471.wav
1,Spectrogram 1,1,1.430618573,4.802790922,878.486,4612.052,2067.188,3.3722,,3.2798,2.1595,344.531,5.92,2.67,8.59,29,9,20,argentina,520703861.wav
2,Spectrogram 1,1,14.78266699,18.27405755,966.335,4655.976,2067.188,3.4914,,16.8403,2.3452,344.531,6.05,2.59,8.64,30,9,21,argentina,520703861.wav
3,Spectrogram 1,1,27.0206042,30.58011946,922.41,4831.673,2067.188,3.5595,,29.0133,2.3336,344.531,6.4,2.88,9.27,29,9,20,argentina,520703861.wav
4,Spectrogram 1,1,41.56387537,45.00417241,1010.259,4831.673,2067.188,3.4403,,43.5722,2.3046,430.664,6.13,2.76,8.89,29,9,20,argentina,520703861.wav
5,Spectrogram 1,1,54.04331457,57.51767396,1185.956,4787.749,2067.188,3.4744,,55.902,2.4613,344.531,6.37,2.87,9.23,29,9,20,argentina,520703861.wav
1,Spectrogram 1,1,4.655632684,7.435369415,1099.602,4398.406,2062.5,2.7797,,6.384,1.5947,375,4.79,2.23,7.02,22,7,15,argentina,526981491.wav
2,Spectrogram 1,1,15.08941888,17.85210201,1003.984,4637.45,2062.5,2.7627,,16.7573,1.6267,375,4.41,2.2,6.61,21,7,14,argentina,526981491.wav
3,Spectrogram 1,1,29.11227975,31.90907008,858.847,4628.231,2062.5,2.7968,,30.8587,1.7333,375,4.37,2.5,6.87,22,8,14,argentina,526981491.wav
4,Spectrogram 1,1,41.02160245,43.83544638,1145.129,4580.517,2062.5,2.8138,,42.5973,1.792,375,4.9,2.29,7.19,22,7,15,argentina,526981491.wav
5,Spectrogram 1,1,52.27630089,54.98782322,1097.416,4485.089,2156.25,2.7115,,53.968,1.6373,375,4.69,1.88,6.57,21,6,15,argentina,526981491.wav
6,Spectrogram 1,1,63.00923304,65.82307697,954.274,4723.658,2156.25,2.8138,,64.7253,1.7333,375,4.45,2.54,6.99,22,8,14,argentina,526981491.wav
7,Spectrogram 1,1,74.91338427,77.7613354,1049.702,4675.944,2156.25,2.848,,76.656,1.744,375,4.69,2.19,6.89,22,7,15,argentina,526981491.wav
8,Spectrogram 1,1,89.99935542,92.71087775,1108.434,4722.892,2156.25,2.7115,,91.6053,1.7067,375,4.25,2.12,6.37,21,7,14,argentina,526981491.wav
9,Spectrogram 1,1,101.1418818,103.8704577,1060.241,4819.277,2156.25,2.7286,,102.7627,1.6907,375,4.58,2.29,6.86,21,7,14,argentina,526981491.wav
10,Spectrogram 1,1,115.7226478,118.5705989,1060.241,4674.699,2156.25,2.848,,117.424,1.7547,375,4.35,2.49,6.84,22,8,14,argentina,526981491.wav
11,Spectrogram 1,1,128.4283182,131.2592157,963.855,4771.084,2156.25,2.8309,,130.1387,1.7867,375,4.72,2.2,6.92,22,7,15,argentina,526981491.wav
12,Spectrogram 1,1,140.3908333,143.0682485,1108.434,4722.892,2156.25,2.6774,,142.016,1.7067,375,4.15,2.07,6.22,21,7,14,argentina,526981491.wav
13,Spectrogram 1,1,159.4691938,162.2148233,1156.627,4674.699,2156.25,2.7456,,161.1307,1.744,375,5.34,2,7.34,22,6,16,argentina,526981491.wav
1,Spectrogram 1,1,3.5848,6.3334,1118.874,3329.332,2067.188,2.7486,,5.2535,1.9911,258.398,6.184966892,3.274394237,9.459361129,26,9,17,argentina,608550933.wav
2,Spectrogram 1,1,23.4942,26.3047,1118.874,3247.463,2067.188,2.8105,,25.2459,1.9505,258.398,6.048745775,2.8464686,8.895214375,25,8,17,argentina,608550933.wav
1,Spectrogram 1,1,1.210619168,4.66955638,1374.264,3116.064,1968.75,3.4589,,3.3067,2.736,468.75,5.203966579,2.312874035,7.516840614,26,8,18,argentina,608806811.wav
1,Spectrogram 1,1,1.015842139,4.465164759,1266.525,3218.22,2153.32,3.4493,,3.1463,2.2872,344.531,5.798277911,2.899138956,8.697416867,30,10,20,argentina,610462069.wav
1,Spectrogram 1,1,1.420347108,5.287564916,621.514,5211.155,2062.5,3.8672,,3.696,2.4373,281.25,7.25,3.02,10.27,34,10,24,argentina,613810794.wav
1,Spectrogram 1,1,10.62162061,14.66693121,621.514,5115.538,2062.5,4.0453,,13.0613,2.192,375,3.36,6.41,9.77,32,21,11,argentina,613810795.wav
1,Spectrogram 1,1,1.560168427,4.529977494,1071.162,3045.46,1781.25,2.9698,,3.3333,1.952,375,6.397737221,3.367230117,9.764967338,29,10,19,argentina,Batara-cinerea-102724.wav
3,Spectrogram 1,1,15.89016154,19.40799063,798.121,2940.444,1875,3.5178,,17.8613,2.368,375,6.253908693,2.558417193,8.812325885,31,9,22,argentina,Batara-cinerea-102724.wav
1,Spectrogram 1,1,5.439454973,8.52984744,977.099,3328.244,1968.75,3.0904,,7.3333,2.56,656.25,6.471654155,3.235827077,9.707481232,30,10,20,argentina,Batara-cinerea-139468.wav
1,Spectrogram 1,1,12.45144359,15.65014697,600.371,3547.649,1808.789,3.1987,,14.1816,2.1304,258.398,6.877794104,3.438897052,10.31669116,33,11,22,argentina,Batara-cinerea-149016.wav
2,Spectrogram 1,1,24.85653998,27.9805073,764.109,3165.594,1808.789,3.124,,26.5404,1.9215,258.398,6.402048656,2.560819462,8.962868118,28,8,20,argentina,Batara-cinerea-149016.wav
1,Spectrogram 1,1,4.364015472,7.341435816,682.24,3574.938,1808.789,2.9774,,6.1649,1.8054,516.797,6.717270101,3.358635051,10.07590515,30,10,20,argentina,Batara-cinerea-272822.wav
2,Spectrogram 1,1,21.99471458,25.0521357,709.53,3165.594,1636.523,3.0574,,23.696,2.1885,430.664,6.541505855,3.270752927,9.812258782,30,10,20,argentina,Batara-cinerea-272822.wav
1,Spectrogram 1,1,4.894072172,7.847783744,713.977,3068.17,1981.055,2.9537,,6.5654,2.4961,602.93,6.432609947,3.047025764,9.479635711,28,9,19,argentina,Batara-cinerea-272823.wav
2,Spectrogram 1,1,19.55503967,22.71926076,598.197,3319.026,1981.055,3.1642,,21.4088,2.4613,602.93,6.320712976,2.844320839,9.165033816,29,9,20,argentina,Batara-cinerea-272823.wav
1,Spectrogram 1,1,2.018499362,5.333745289,1146.163,3438.49,2067.188,3.3152,,4.2144,1.8576,344.531,6.937741313,3.016409266,9.954150579,33,10,23,argentina,Batara-cinerea-272824.wav
1,Spectrogram 1,1,2.922158159,6.329568386,982.426,3438.49,1981.055,3.4074,,4.7891,2.8096,430.664,7.043493573,2.934788989,9.978282561,34,10,24,argentina,Batara-cinerea-272825.wav
2,Spectrogram 1,1,19.79761518,23.0708754,1064.295,3875.124,2067.188,3.2733,,21.9603,2.5252,430.664,7.026548132,3.055020927,10.08156906,33,10,23,argentina,Batara-cinerea-272825.wav
1,Spectrogram 1,1,3.770420632,7.189146364,1164.682,3400.119,1981.055,3.4187,,5.9037,1.7589,258.398,7.020212361,2.925088484,9.945300845,34,10,24,argentina,Batara-cinerea-272826.wav
2,Spectrogram 1,1,17.62594815,21.04029135,849.053,3415.51,1981.055,3.4143,,19.7776,1.875,344.531,7.029259292,2.928858038,9.95811733,34,10,24,argentina,Batara-cinerea-272826.wav
1,Spectrogram 1,1,1.29936698,4.026518743,1215.69,2759.423,1894.922,2.7272,,2.7806,2.1827,430.664,8.433558228,3.300088002,11.73364623,32,9,23,argentina,Batara-cinerea-29324.wav
2,Spectrogram 1,1,14.94807202,17.64447799,1447.25,2643.643,1894.922,2.6964,,16.5558,2.1537,344.531,8.529891707,3.337783712,11.86767542,32,9,23,argentina,Batara-cinerea-29324.wav
1,Spectrogram 1,1,2.642190623,6.088967692,1177.097,3068.17,2153.32,3.4468,,4.7252,2.0898,344.531,6.672855982,2.901241731,9.574097714,33,10,23,argentina,Batara-cinerea-345965.wav
2,Spectrogram 1,1,23.39308792,26.56224226,1177.097,3068.17,2153.32,3.1692,,25.4084,2.0259,344.531,6.941814969,2.839833396,9.781648366,31,9,22,argentina,Batara-cinerea-345965.wav
1,Spectrogram 1,1,2.730245592,5.974086084,1037.005,3183.95,2067.188,3.2438,,4.7949,1.875,258.398,6.782169061,2.774523707,9.556692768,31,9,22,argentina,Batara-cinerea-345966.wav
2,Spectrogram 1,1,22.40951427,25.47774535,1119.207,3068.17,2067.188,3.0682,,24.3287,1.8924,258.398,7.17032788,2.933315951,10.10364383,31,9,22,argentina,Batara-cinerea-345966.wav
1,Spectrogram 1,1,2.256549516,5.690508571,927.847,3329.332,1981.055,3.434,,4.2086,2.3626,344.531,6.697728596,3.203261503,9.900990099,34,11,23,argentina,Batara-cinerea-395179.wav
2,Spectrogram 1,1,18.61912799,21.62753598,906.943,3261.136,1981.055,3.0084,,20.4974,1.9679,344.531,6.980454727,3.32402606,10.30448079,31,10,21,argentina,Batara-cinerea-395179.wav
1,Spectrogram 1,1,1.84582202,5.326338708,1037.005,3165.594,1894.922,3.4805,,3.9474,2.2001,258.398,6.608245942,2.585835368,9.19408131,32,9,23,argentina,Batara-cinerea-50022.wav
2,Spectrogram 1,1,12.09812528,15.51984395,1003.427,3106.763,2067.188,3.4217,,14.2803,2.142,344.531,6.721804951,2.630271502,9.352076453,32,9,23,argentina,Batara-cinerea-50022.wav
1,Spectrogram 1,1,2.94510236,5.97754682,1173.5,3029.1,2067.188,3.0324,,4.8646,1.9911,430.664,6.925207756,2.967946181,9.893153937,30,9,21,argentina,Batara-cinerea-50500.wav
2,Spectrogram 1,1,20.40094282,23.62154308,1037,3111,1981.055,3.2206,,22.3434,2.3684,430.664,6.831025275,3.105011489,9.936036763,32,10,22,argentina,Batara-cinerea-50500.wav
1,Spectrogram 1,1,1.939028781,4.632749619,964.833,2412.083,1722.656,2.6937,,2.9257,2.0085,258.398,5.568548836,2.598656124,8.16720496,22,7,15,argentina,Batara-cinerea-60260.wav
2,Spectrogram 1,1,13.70174975,16.3113969,868.35,2605.05,1808.789,2.6096,,15.1104,1.9098,258.398,5.748007357,2.682403433,8.430410791,22,7,15,argentina,Batara-cinerea-60260.wav
1,Spectrogram 1,1,1.718537498,4.392253883,868.131,2324.351,1875,2.6737,,3.496,1.424,250,5.610203089,2.618094775,8.228297864,22,7,15,argentina,Batara-cinerea-60261.wav
2,Spectrogram 1,1,14.76865848,17.62190755,966.146,2086.315,1875,2.8532,,16.632,1.632,250,5.607738679,2.453385672,8.061124352,23,7,16,argentina,Batara-cinerea-60261.wav
1,Spectrogram 1,1,0.113969139,3.348116217,1003.427,3087.466,2067.188,3.2341,,2.055,2.3278,430.664,5.874895643,3.092050339,8.966945982,29,10,19,argentina,Batara-cinerea-67699.wav
1,Spectrogram 1,1,0.788881397,4.158021069,1091.6,3247.5,1981.055,3.3691,,3.0012,2.2001,430.664,6.52993381,2.968151732,9.498085542,32,10,22,argentina,Batara-cinerea-67700.wav
1,Spectrogram 1,1,2.156184328,5.699428514,1282.6,2974.6,2153.32,3.5432,,4.3073,2.4033,430.664,6.491307293,2.822307519,9.313614811,33,10,23,argentina,Batara-cinerea-67701.wav
1,Spectrogram 1,1,1.198859143,4.514028184,356.436,2435.644,1687.5,3.3152,,3.3547,1.9093,281.25,5.731177606,2.71476834,8.445945946,28,9,19,argentina,Batara-cinerea-75284.wav
1,Spectrogram 1,1,1.503883583,4.690334673,1157.8,3492.696,2067.188,3.1865,,3.2798,2.1537,344.531,5.962654951,3.138239448,9.100894398,29,10,19,argentina,Batara-cinerea-855774.wav
2,Spectrogram 1,1,14.80646499,18.15846649,1119.207,3338.323,2067.188,3.352,,16.8345,2.3452,344.531,5.966587112,2.983293556,8.949880668,30,10,20,argentina,Batara-cinerea-855774.wav
2,Spectrogram 1,1,7.457953119,10.32763944,653.5,2676.4,1808.789,2.8697,,8.8642,2.2233,344.531,3.48468481,3.136216329,6.620901139,19,9,10,cinerea,103854.wav
3,Spectrogram 1,1,11.78763958,14.74511167,840.3,2614.2,1894.922,2.9575,,13.1483,2.2581,258.398,3.719357566,3.043110735,6.762468301,20,9,11,cinerea,103854.wav
1,Spectrogram 1,1,16.4345958,19.40307227,788.983,2616.102,1808.789,2.9685,,18.1754,2.2407,258.398,4.04244568,2.694963786,6.737409466,20,8,12,cinerea,135867.wav
2,Spectrogram 1,1,30.84107303,33.88895319,809.746,2636.864,1894.922,3.0479,,32.6647,2.2001,258.398,3.937137045,2.62475803,6.561895075,20,8,12,cinerea,135867.wav
1,Spectrogram 1,1,6.143567001,8.807878406,814.222,2838.772,1981.055,2.6643,,7.7438,1.6602,258.398,4.128664189,2.627331757,6.755995946,18,7,11,cinerea,164296.wav
2,Spectrogram 1,1,20.62849316,23.08824133,781.213,2376.647,1808.789,2.4597,,22.1054,1.6834,344.531,4.472090092,2.845875513,7.317965606,18,7,11,cinerea,164296.wav
1,Spectrogram 1,1,6.483053907,9.510398962,1174.484,2348.969,1894.922,3.0273,,8.5333,2.0608,258.398,4.954910316,2.97294619,7.927856506,24,9,15,cinerea,17663.wav
2,Spectrogram 1,1,23.23112539,26.34182246,1061.63,2281.713,1894.922,3.1107,,24.7467,2.0317,258.398,4.822065773,2.893239464,7.715305237,24,9,15,cinerea,17663.wav
3,Spectrogram 1,1,34.39397292,37.48799959,1109.166,2360.939,1894.922,3.094,,36.0896,2.0201,258.398,4.848093083,2.90885585,7.756948933,24,9,15,cinerea,17663.wav
4,Spectrogram 1,1,45.41857819,48.51927302,1109.166,2519.391,1894.922,3.1007,,47.1307,2.0143,258.398,4.837617312,2.902570387,7.7401877,24,9,15,cinerea,17663.wav
1,Spectrogram 1,1,13.7427,16.4503,900.557,2865.408,1808.789,2.7076,,15.418,1.5732,172.266,5.909292362,2.585315408,8.494607771,23,7,16,cinerea,199172.wav
2,Spectrogram 1,1,64.4601,67.0872,873.267,2892.698,1808.789,2.6271,,66.2697,1.5615,258.398,6.090365803,2.664535039,8.754900841,23,7,16,cinerea,199172.wav
1,Spectrogram 1,1,11.10734725,14.00822363,968.976,2892.247,1894.922,2.9009,,12.9916,2.0434,344.531,4.481367851,3.102485436,7.583853287,22,9,13,cinerea,199188.wav
2,Spectrogram 1,1,30.3168178,33.2282046,1027.702,2730.751,1894.922,2.9114,,32.0029,2.1653,344.531,4.465205743,3.091296284,7.556502027,22,9,13,cinerea,199188.wav
1,Spectrogram 1,1,4.907879347,7.895772031,1109.826,2219.652,1636.523,2.9879,,6.2636,1.7473,258.398,5.354931557,3.012149001,8.367080558,25,9,16,cinerea,19929.wav
2,Spectrogram 1,1,17.7525235,20.38065233,978.025,2168.664,1550.391,2.6281,,19.5628,1.9331,258.398,6.84905445,3.0440242,9.89307865,26,8,18,cinerea,19929.wav
3,Spectrogram 1,1,30.73363036,33.41303976,1091.419,2140.316,1636.523,2.6794,,32.9433,1.1088,172.266,5.971486154,2.985743077,8.95722923,24,8,16,cinerea,19929.wav
4,Spectrogram 1,1,45.10432374,47.77860508,949.677,2168.664,1636.523,2.6743,,47.1423,2.0724,344.531,6.35680365,2.991437012,9.348240661,25,8,17,cinerea,19929.wav
1,Spectrogram 1,1,5.171437854,8.338857456,851.524,2833.521,1894.922,3.1674,,6.9079,2.3278,258.398,5.051461767,2.525730883,7.57719265,24,8,16,cinerea,219166.wav
2,Spectrogram 1,1,18.47860564,21.3983795,836.843,2481.166,1894.922,2.9198,,20.2942,1.8576,258.398,4.794848962,3.082402904,7.877251867,23,9,14,cinerea,219166.wav
1,Spectrogram 1,1,5.087544687,7.518823434,1086.428,2393.077,1808.789,2.4313,,6.7106,1.8692,430.664,4.935631144,2.879118167,7.814749311,19,7,12,cinerea,236563.wav
2,Spectrogram 1,1,34.30932032,36.97275242,1159.835,2422.44,1808.789,2.6634,,35.9271,2.0666,344.531,4.8809792,2.628219569,7.509198768,20,7,13,cinerea,236563.wav
1,Spectrogram 1,1,23.71686121,26.6739961,1309.356,2255.614,1894.922,2.9571,,25.4607,2.1595,430.664,5.072537283,2.705353218,7.777890501,23,8,15,cinerea,23770.wav
1,Spectrogram 1,1,7.863004957,10.71729045,1111.631,2483.123,1808.789,2.8543,,9.5028,2.1943,344.531,4.204183162,2.802788775,7.006971937,20,8,12,cinerea,238800.wav
2,Spectrogram 1,1,37.00071383,39.98313288,1270.435,2122.204,1808.789,2.9824,,38.371,2.3278,344.531,5.029506438,2.682403433,7.711909871,23,8,15,cinerea,238800.wav
1,Spectrogram 1,1,1.238196821,4.004138027,1247.924,2774.795,1894.922,2.7659,,2.7632,2.1943,430.664,6.50782747,3.253913735,9.761741205,27,9,18,cinerea,244782.wav
2,Spectrogram 1,1,14.87249862,17.62701031,1541.553,2569.255,1894.922,2.7545,,16.5326,2.1537,344.531,6.5347613,2.904338355,9.439099655,26,8,18,cinerea,244782.wav
1,Spectrogram 1,1,3.01105297,5.830105441,910.25,2877.565,1722.656,2.8191,,4.8123,1.7821,258.398,3.901954524,2.48306197,6.385016495,18,7,11,cinerea,293864.wav
2,Spectrogram 1,1,18.52223229,21.128987,975.847,2616.102,1722.656,2.6068,,20.1085,1.9331,689.062,3.452508823,2.68528464,6.137793463,16,7,9,cinerea,293864.wav
1,Spectrogram 1,1,2.151979351,4.504533585,477.542,2595.339,1722.656,2.3526,,3.6107,1.7067,344.531,5.100739607,2.550369804,7.651109411,18,6,12,cinerea,293928.wav
2,Spectrogram 1,1,12.85194471,15.2152086,539.831,2657.627,1636.523,2.3633,,14.3093,1.7299,430.664,5.077645665,2.538822832,7.616468497,18,6,12,cinerea,293928.wav
1,Spectrogram 1,1,3.023023887,5.955556077,675.347,2114.129,1550.391,2.9325,,4.5569,2.0492,172.266,3.751065644,2.728047741,6.479113384,19,8,11,cinerea,293976.wav
2,Spectrogram 1,1,16.33360775,18.74798576,748.754,2099.448,1636.523,2.4144,,17.7865,1.7531,172.266,4.141815772,2.89927104,7.041086812,17,7,10,cinerea,293976.wav
1,Spectrogram 1,1,1.072439677,3.855754478,704.71,2583.936,1808.789,2.7833,,2.5252,1.6254,344.531,4.311428879,2.87428592,7.185714799,20,8,12,cinerea,293977.wav
2,Spectrogram 1,1,12.01473273,14.85332364,910.25,2525.21,1894.922,2.8386,,13.6823,1.8286,258.398,4.579722398,2.818290707,7.398013105,21,8,13,cinerea,293977.wav
1,Spectrogram 1,1,3.669020571,6.931469022,1115.8,2951,1894.922,3.2624,,5.4102,2.2117,258.398,4.904364885,3.678273664,8.582638548,28,12,16,cinerea,294013.wav
1,Spectrogram 1,1,1.280440584,4.637266071,877,2818.9,1894.922,3.3568,,3.3088,2.3336,344.531,5.064346997,2.979027645,8.043374643,27,10,17,cinerea,294014.wav
2,Spectrogram 1,1,8.856076947,12.20295137,795,2824.2,1894.922,3.3469,,10.8843,2.1943,344.531,5.079327139,2.987839493,8.067166632,27,10,17,cinerea,294014.wav
1,Spectrogram 1,1,0.916758523,3.515165819,859.268,4177.769,1875,2.5984,,2.3947,1.6533,281.25,5.79,3.86,9.62,25,-,-,cinerea,312684151.wav
2,Spectrogram 1,1,32.57826127,35.22388236,714.108,4242.641,1875,2.6456,,34.224,1.4933,281.25,6.06,3.78,9.83,26,-,-,cinerea,312684151.wav
3,Spectrogram 1,1,77.06056739,79.67662351,1050.159,4368.66,1781.25,2.6161,,79.0773,1.04,187.5,5.74,3.83,9.56,25,-,-,cinerea,312684151.wav
4,Spectrogram 1,1,115.8817786,118.4703455,672.101,4200.634,1781.25,2.5886,,117.568,1.632,281.25,5.81,3.87,9.66,25,-,-,cinerea,312684151.wav
5,Spectrogram 1,1,165.0367436,167.6436367,588.089,4368.66,1781.25,2.6069,,166.9973,0.9333,281.25,5.74,3.83,9.59,25,-,-,cinerea,312684151.wav
6,Spectrogram 1,1,191.5426952,194.2137297,714.108,4368.66,1687.5,2.671,,193.584,1.2373,281.25,5.61,3.74,9.36,25,-,-,cinerea,312684151.wav
7,Spectrogram 1,1,213.8885661,216.5687637,588.089,4116.622,1687.5,2.6802,,215.84,1.6693,281.25,5.97,3.73,9.7,26,-,-,cinerea,312684151.wav
8,Spectrogram 1,1,239.5152561,242.3482286,798.121,4326.653,1781.25,2.833,,241.136,1.7707,281.25,6,3.88,9.88,28,-,-,cinerea,312684151.wav
9,Spectrogram 1,1,273.382874,276.1689592,756.114,4284.647,1687.5,2.7861,,275.024,1.968,281.25,6.11,3.95,9.69,27,-,-,cinerea,312684151.wav
10,Spectrogram 1,1,295.2025691,297.9109031,756.114,4326.653,1781.25,2.7083,,296.9973,1.6267,281.25,5.55,3.7,9.23,25,-,-,cinerea,312684151.wav
11,Spectrogram 1,1,331.9317472,334.6789569,882.133,4410.666,1781.25,2.7472,,333.5413,1.6053,281.25,5.83,3.63,9.46,26,-,-,cinerea,312684151.wav
1,Spectrogram 1,1,5.020816646,7.616282877,824.711,2411.89,1722.656,2.5955,,6.8092,1.5964,258.398,6.164515508,3.467539973,9.632055481,25,9,16,cinerea,32048.wav
2,Spectrogram 1,1,14.98142183,17.60505255,606.863,2287.406,1808.789,2.6236,,16.6023,1.5673,172.266,5.71733496,3.430400976,9.147735935,24,9,15,cinerea,32048.wav
3,Spectrogram 1,1,25.9213987,28.73483663,778.029,2474.133,1894.922,2.8134,,27.5505,1.6428,172.266,5.687069027,3.198976328,8.886045354,25,9,16,cinerea,32048.wav
4,Spectrogram 1,1,37.85298223,40.68401916,762.469,2287.406,1808.789,2.831,,39.4681,1.875,172.266,5.651713176,3.179088661,8.830801837,25,9,16,cinerea,32048.wav
5,Spectrogram 1,1,54.77656821,57.83739709,995.877,2474.133,1808.789,3.0608,,56.5986,1.8112,172.266,5.554103502,2.940407737,8.494511239,26,9,17,cinerea,32048.wav
6,Spectrogram 1,1,68.56893424,71.5991242,886.953,2256.285,1808.789,3.0302,,70.4087,1.9563,172.266,5.610190746,2.970100983,8.58029173,26,9,17,cinerea,32048.wav
7,Spectrogram 1,1,80.51252161,83.57335049,949.196,2271.845,1894.922,3.0608,,82.1986,1.904,258.398,5.554103502,2.940407737,8.494511239,26,9,17,cinerea,32048.wav
8,Spectrogram 1,1,96.0722713,99.1239085,809.15,2271.845,1894.922,3.0516,,97.727,1.9737,258.398,5.57084808,2.949272513,8.520120592,26,9,17,cinerea,32048.wav
9,Spectrogram 1,1,110.7273252,113.763643,793.59,2302.966,1894.922,3.0363,,112.2452,1.7125,258.398,5.598919738,2.964133979,8.563053717,26,9,17,cinerea,32048.wav
10,Spectrogram 1,1,124.3218682,127.3673777,840.272,2271.845,1894.922,3.0455,,126.1424,1.9447,258.398,5.582006239,2.955179773,8.537186012,26,9,17,cinerea,32048.wav
11,Spectrogram 1,1,140.3438223,143.3801401,855.832,2302.966,1808.789,3.0363,,142.228,1.9505,258.398,5.598919738,2.964133979,8.563053717,26,9,17,cinerea,32048.wav
12,Spectrogram 1,1,152.0733805,155.17404,809.15,2256.285,1808.789,3.1007,,153.9773,2.1014,258.398,5.160125133,3.225078208,8.385203341,26,10,16,cinerea,32048.wav
13,Spectrogram 1,1,165.9760467,169.0583229,933.635,2287.406,1894.922,3.0823,,167.9731,2.113,258.398,5.515361905,2.919897479,8.435259384,26,9,17,cinerea,32048.wav
14,Spectrogram 1,1,180.362808,183.4328286,964.756,2334.088,1808.789,3.07,,182.2186,2.0898,258.398,5.537459283,2.931596091,8.469055375,26,9,17,cinerea,32048.wav
15,Spectrogram 1,1,200.9292448,204.1463322,809.15,2334.088,1808.789,3.2171,,202.7973,2.2523,258.398,5.284262224,3.108389543,8.392651767,27,10,17,cinerea,32048.wav
16,Spectrogram 1,1,215.5142725,218.5934847,731.347,2458.572,1894.922,3.0792,,217.5303,2.0376,258.398,5.520914523,2.922837101,8.443751624,26,9,17,cinerea,32048.wav
17,Spectrogram 1,1,229.7504598,232.8174164,840.272,2427.451,1894.922,3.067,,231.3984,1.9215,258.398,5.542875774,1.304206065,6.847081839,21,4,17,cinerea,32048.wav
18,Spectrogram 1,1,250.4271966,253.6320284,778.029,2474.133,1894.922,3.2048,,252.3777,2.0434,258.398,5.304543185,3.120319521,8.424862706,27,10,17,cinerea,32048.wav
1,Spectrogram 1,1,6.681025723,9.70369715,902.514,2536.375,1808.789,3.0227,,8.5856,1.9969,258.398,5.293280842,2.977470473,8.270751315,25,9,16,cinerea,32057.wav
2,Spectrogram 1,1,28.36093474,31.3662517,793.59,2411.89,1808.789,3.0053,,30.1511,1.9563,258.398,5.323927728,2.994709347,8.318637075,25,9,16,cinerea,32057.wav
3,Spectrogram 1,1,44.5337762,47.57872372,809.15,2147.361,1808.789,3.0449,,46.5328,2.1072,258.398,5.583106178,2.955762094,8.538868272,26,9,17,cinerea,32057.wav
4,Spectrogram 1,1,67.44023606,70.45215811,622.423,2458.572,1808.789,3.0119,,69.3812,2.1304,258.398,5.312261363,2.988147017,8.30040838,25,9,16,cinerea,32057.wav
5,Spectrogram 1,1,82.26113465,85.34241018,700.226,2302.966,1808.789,3.0813,,84.2884,1.9969,258.398,5.517151851,2.920845098,8.437996949,26,9,17,cinerea,32057.wav
6,Spectrogram 1,1,101.0315477,104.0368646,715.787,2567.496,1808.789,3.0053,,102.9863,2.0956,258.398,5.656673211,2.994709347,8.651382557,26,9,17,cinerea,32057.wav
7,Spectrogram 1,1,137.1669167,140.1755363,1182.604,2287.406,1808.789,3.0086,,138.9424,1.9969,258.398,5.318088147,2.991424583,8.30951273,25,9,16,cinerea,32057.wav
8,Spectrogram 1,1,153.8903373,156.8527212,762.469,2458.572,1894.922,2.9624,,155.504,2.084,258.398,5.401026195,3.038077235,8.43910343,25,9,16,cinerea,32057.wav
9,Spectrogram 1,1,175.9867335,179.0680091,840.272,2443.012,1808.789,3.0813,,178.01,2.1072,258.398,5.517151851,2.920845098,8.437996949,26,9,17,cinerea,32057.wav
10,Spectrogram 1,1,192.6580911,195.7096437,778.029,2474.133,1808.789,3.0516,,194.6529,1.9969,258.398,5.57084808,2.949272513,8.520120592,26,9,17,cinerea,32057.wav
1,Spectrogram 1,1,1.540505752,3.804702042,873.267,4202.599,1894.922,2.2642,,2.9779,1.4687,258.398,5.3,2.65,7.95,18,,,cinerea,320706111.wav
1,Spectrogram 1,1,0.955869125,3.181594688,709.53,4311.757,1894.922,2.2257,,2.0143,1.4919,258.398,5.4,2.7,8.09,18,,,cinerea,320706151.wav
1,Spectrogram 1,1,1.376389531,4.776109997,545.792,4311.757,1722.656,3.3997,,3.1405,2.3917,258.398,4.71,2.94,7.65,26,,,cinerea,336016331.wav
2,Spectrogram 1,1,19.26565431,22.45421908,764.109,4148.02,1722.656,3.1886,,21.2753,2.1885,258.398,5.03,2.83,7.84,25,,,cinerea,336016331.wav
3,Spectrogram 1,1,39.80815063,43.23395917,600.371,4202.599,1722.656,3.4258,,42.0862,2.3975,258.398,4.67,2.92,7.59,26,,,cinerea,336016331.wav
1,Spectrogram 1,1,5.130455809,7.354862085,1309.356,2332.635,1808.789,2.2244,,6.4203,1.3119,172.266,6.293832045,3.146916022,9.440748067,21,7,14,cinerea,34037.wav
2,Spectrogram 1,1,14.91772091,17.41576432,1078.293,2343.638,1808.789,2.498,,16.312,1.3061,172.266,5.604483587,3.602882306,9.207365893,23,9,14,cinerea,34037.wav
3,Spectrogram 1,1,23.70288493,26.1380673,1221.332,2354.641,1808.789,2.4352,,25.0253,1.4222,172.266,6.159658344,3.285151117,9.444809461,23,8,15,cinerea,34037.wav
4,Spectrogram 1,1,31.90043481,34.45587309,1166.317,2398.653,1808.789,2.5554,,33.3032,1.4803,258.398,5.869922517,3.130625342,9.000547859,23,8,15,cinerea,34037.wav
5,Spectrogram 1,1,41.92952422,44.72547434,1001.272,2530.689,1808.789,2.796,,43.5432,1.7821,258.398,5.722460658,3.21888412,8.941344778,25,9,16,cinerea,34037.wav
6,Spectrogram 1,1,50.97409986,53.93676842,979.266,2387.65,1808.789,2.9627,,52.7325,1.9737,258.398,5.738009248,3.037769602,8.77577885,26,9,17,cinerea,34037.wav
7,Spectrogram 1,1,60.54782909,63.38477555,979.266,2519.686,1808.789,2.8369,,62.3223,1.8634,258.398,5.63995911,3.172477,8.81243611,25,9,16,cinerea,34037.wav
8,Spectrogram 1,1,69.98680326,72.85108061,1089.296,2387.65,1808.789,2.8643,,71.7613,2.0782,258.398,5.586007052,3.142128967,8.728136019,25,9,16,cinerea,34037.wav
9,Spectrogram 1,1,80.25093848,83.26553573,1012.275,2475.674,1808.789,3.0146,,81.9955,2.113,344.531,5.639222451,2.985470709,8.62469316,26,9,17,cinerea,34037.wav
10,Spectrogram 1,1,90.71542275,93.84207665,902.246,2618.713,1894.922,3.1267,,92.6128,2.1246,344.531,5.117216234,3.198260146,8.315476381,26,10,16,cinerea,34037.wav
11,Spectrogram 1,1,101.255368,104.2371682,1188.323,2464.671,1894.922,2.9818,,102.9979,2.1711,344.531,5.365886377,3.018311087,8.384197465,25,9,16,cinerea,34037.wav
12,Spectrogram 1,1,115.3164653,118.5524427,951.759,2409.656,1981.055,3.236,,117.3246,2.3684,258.398,4.944375773,3.399258344,8.343634116,27,11,16,cinerea,34037.wav
13,Spectrogram 1,1,135.4743265,138.8982038,1009.525,2717.74,1981.055,3.4239,,137.2067,2.3278,258.398,5.257162884,2.920646047,8.177808931,28,10,18,cinerea,34037.wav
14,Spectrogram 1,1,145.0945181,148.2567022,924.251,2431.662,1981.055,3.1622,,147.0345,2.2291,258.398,5.376004048,3.162355322,8.53835937,27,10,17,cinerea,34037.wav
15,Spectrogram 1,1,155.8175803,159.0945541,1067.29,2893.787,1981.055,3.277,,157.5474,2.3278,258.398,5.187671651,3.051571559,8.23924321,27,10,17,cinerea,34037.wav
16,Spectrogram 1,1,166.6409331,169.737523,1012.275,2750.749,1894.922,3.0966,,168.6523,2.1537,258.398,5.48989214,2.906413486,8.396305626,26,9,17,cinerea,34037.wav
17,Spectrogram 1,1,178.0470357,181.1490918,1111.302,2629.716,1981.055,3.1021,,179.7631,2.113,258.398,5.480158602,2.901260436,8.381419039,26,9,17,cinerea,34037.wav
18,Spectrogram 1,1,188.0288289,191.1964791,1210.329,2398.653,1808.789,3.1677,,189.9218,2.2581,344.531,5.366669824,2.841178142,8.207847965,26,9,17,cinerea,34037.wav
19,Spectrogram 1,1,198.8994779,202.1190568,1166.317,2684.731,1981.055,3.2196,,200.7307,2.2407,258.398,4.969561436,3.416573487,8.386134924,27,11,16,cinerea,34037.wav
20,Spectrogram 1,1,204.8666891,207.9960761,1012.275,2651.722,1894.922,3.1294,,206.7679,2.1595,344.531,5.112801176,3.195500735,8.308301911,26,10,16,cinerea,34037.wav
21,Spectrogram 1,1,216.7163858,219.4412756,913.249,2761.751,1894.922,2.7249,,218.5636,1.8402,258.398,5.871775111,2.935887556,8.807662667,24,8,16,cinerea,34037.wav
22,Spectrogram 1,1,226.9840878,230.1052756,935.254,2728.743,1894.922,3.1212,,228.9081,2.2639,344.531,5.1262335,3.203895937,8.330129437,26,10,16,cinerea,34037.wav
23,Spectrogram 1,1,239.0751301,242.231848,847.231,2684.731,1894.922,3.1567,,241.0057,2.2291,344.531,5.385370799,2.851078658,8.236449457,26,9,17,cinerea,34037.wav
24,Spectrogram 1,1,250.5514594,253.6371169,968.263,2695.734,1894.922,3.0857,,252.5634,2.1827,344.531,5.509284765,2.91668017,8.425964935,26,9,17,cinerea,34037.wav
25,Spectrogram 1,1,262.2945656,265.3310276,1045.284,2662.725,1894.922,3.0365,,264.1212,2.084,344.531,5.598550963,2.963938745,8.562489709,26,9,17,cinerea,34037.wav
26,Spectrogram 1,1,274.6269534,277.8711302,825.225,2662.725,1894.922,3.2442,,276.6367,2.0724,344.531,5.240120831,3.082424018,8.322544849,27,10,17,cinerea,34037.wav
27,Spectrogram 1,1,287.0686647,290.3401724,836.228,2618.713,1894.922,3.2715,,288.9143,2.1595,258.398,5.196393092,3.056701819,8.253094911,27,10,17,cinerea,34037.wav
28,Spectrogram 1,1,300.6132464,303.6333099,935.254,2365.644,1894.922,3.0201,,302.3935,2.0201,258.398,5.29783782,2.980033774,8.277871594,25,9,16,cinerea,34037.wav
29,Spectrogram 1,1,318.3855912,321.6079033,968.263,2794.76,1894.922,3.2223,,320.209,2.1653,258.398,5.275734724,3.103373367,8.37910809,27,10,17,cinerea,34037.wav
1,Spectrogram 1,1,1.128306869,4.14818702,1239.187,2520.381,1875,3.0199,,3.088,1.6693,187.5,7.3,3.32,10.6,32,,,cinerea,388122891.wav
2,Spectrogram 1,1,36.66325021,39.82250944,1197.181,2436.368,1875,3.1593,,38.6293,1.8347,187.5,4.12,3.17,10.45,33,,,cinerea,388122891.wav
3,Spectrogram 1,1,75.35952362,78.30036385,1197.181,2583.39,1875,2.9408,,77.2587,1.664,187.5,7.14,3.4,10.54,31,,,cinerea,388122891.wav
1,Spectrogram 1,1,5.152786622,7.83451358,810.46,3704.959,1808.789,2.6817,,6.815,1.5383,258.398,5.97,2.61,8.58,23,,,cinerea,390973021.wav
2,Spectrogram 1,1,29.30093893,32.33386737,771.867,3782.146,1808.789,3.0329,,31.0102,1.7357,172.266,1.74,2.64,7.91,24,,,cinerea,390973021.wav
1,Spectrogram 1,1,1.285862502,4.199399056,1050.159,3108.469,1875,2.9135,,2.8427,1.5627,281.25,4.46,2.06,6.52,19,,,cinerea,411175621.wav
2,Spectrogram 1,1,14.85258971,17.58013927,924.14,4074.615,1968.75,2.7275,,16.3573,1.632,281.25,5.14,2.2,7.33,20,,,cinerea,411175621.wav
3,Spectrogram 1,1,28.68962598,31.79848342,1134.171,3948.596,1968.75,3.1089,,30.32,1.7387,281.25,3.87,2.25,6.11,19,,,cinerea,411175621.wav
4,Spectrogram 1,1,43.50215897,46.62729315,1134.171,4032.609,1875,3.1251,,45.1733,1.7653,281.25,4.48,2.24,6.72,21,,,cinerea,411175621.wav
1,Spectrogram 1,1,5.791354083,8.87159076,614.94,4172.809,1722.656,3.0802,,7.5697,2.3975,258.398,5.51,2.92,8.44,26,,,cinerea,469291281.wav
2,Spectrogram 1,1,16.80403506,20.0242825,834.562,4216.733,1894.922,3.2202,,18.5295,2.3394,258.398,5.59,2.79,8.38,27,,,cinerea,469291281.wav
3,Spectrogram 1,1,28.23348409,31.36582704,571.016,4216.733,1808.789,3.1323,,30.0466,2.0434,172.266,5.75,2.87,8.62,27,,,cinerea,469291281.wav
4,Spectrogram 1,1,39.83639661,42.76389428,527.092,4084.96,1808.789,2.9275,,41.5985,2.1537,258.398,5.82,2.73,8.54,25,,,cinerea,469291281.wav
5,Spectrogram 1,1,51.19126614,54.24604632,614.94,4216.733,1808.789,3.0548,,53.0634,2.2814,258.398,5.57,2.95,8.51,26,,,cinerea,469291281.wav
6,Spectrogram 1,1,63.4111303,66.64410598,483.167,4260.657,1808.789,3.233,,65.2713,2.4323,258.398,5.57,2.78,8.35,27,,,cinerea,469291281.wav
7,Spectrogram 1,1,74.98166649,78.142648,527.092,4084.96,1808.789,3.161,,76.8406,2.3975,258.398,5.69,2.84,8.54,27,,,cinerea,469291281.wav
8,Spectrogram 1,1,87.48055792,90.53852016,658.865,4304.582,1808.789,3.058,,89.3388,2.3162,258.398,5.57,2.95,8.5,26,,,cinerea,469291281.wav
1,Spectrogram 1,1,18.77983239,22.08930294,818.688,3875.124,1722.656,3.3095,,20.8631,2.1943,258.398,4.54,2.42,6.95,23,,,cinerea,469875161.wav
1,Spectrogram 1,1,4.888508701,7.950692522,614.94,4172.809,1636.523,3.0622,,6.8499,2.2465,258.398,4.57,2.61,7.18,22,,,cinerea,470368641.wav
1,Spectrogram 1,1,1.038867473,3.677761925,812.749,4494.024,1968.75,2.6389,,2.544,1.5733,281.25,4.18,2.66,6.82,18,,,cinerea,471924051.wav
1,Spectrogram 1,1,11.73837768,13.62521565,497.939,2551.936,1722.656,1.8868,,12.7942,1.0101,430.664,5.2999788,3.17998728,8.47996608,16,6,10,cinerea,47992.wav
1,Spectrogram 1,1,8.51821339,11.53075257,1011.438,2583.057,1808.789,3.0125,,10.4316,1.9447,172.266,4.647302905,2.987551867,7.634854772,23,9,14,cinerea,48317.wav
2,Spectrogram 1,1,24.64532882,27.52029632,1182.604,2489.693,1808.789,2.875,,26.3895,1.7879,172.266,4.869565217,2.782608696,7.652173913,22,8,14,cinerea,48317.wav
3,Spectrogram 1,1,44.91792152,47.91923036,995.877,2536.375,1808.789,3.0013,,46.7998,1.9621,172.266,4.331456369,2.998700563,7.330156932,22,9,13,cinerea,48317.wav
4,Spectrogram 1,1,67.01419019,69.90038803,1042.559,2551.936,1808.789,2.8862,,68.7601,1.7589,172.266,4.850668699,2.771810685,7.622479385,22,8,14,cinerea,48317.wav
5,Spectrogram 1,1,92.40124735,95.39413343,995.877,2520.815,1808.789,2.9929,,94.2382,1.7705,172.266,5.011861405,2.67299275,7.684854155,23,8,15,cinerea,48317.wav
6,Spectrogram 1,1,110.993351,113.9385082,918.074,2334.088,1808.789,2.9452,,112.8141,2.0666,258.398,4.4139617,3.055819639,7.469781339,22,9,13,cinerea,48317.wav
7,Spectrogram 1,1,155.1630215,158.1531,778.029,2474.133,1808.789,2.9901,,157.0714,1.904,172.266,4.682117655,3.009932778,7.692050433,23,9,14,cinerea,48317.wav
8,Spectrogram 1,1,178.0300029,180.8909325,778.029,2458.572,1808.789,2.8609,,179.7515,1.9098,258.398,4.893564962,2.446782481,7.340347443,21,7,14,cinerea,48317.wav
9,Spectrogram 1,1,203.0982139,206.0742544,886.953,2598.617,1808.789,2.976,,204.829,1.9679,258.398,4.704301075,2.688172043,7.392473118,22,8,14,cinerea,48317.wav
10,Spectrogram 1,1,233.8283685,236.7622953,1011.438,2583.057,1808.789,2.9339,,235.7057,1.7705,172.266,4.4309622,3.067589216,7.498551416,22,9,13,cinerea,48317.wav
1,Spectrogram 1,1,6.256537633,8.030460887,715.787,2256.285,1808.789,1.7739,,7.3839,1.2365,258.398,6.201025988,2.818648176,9.019674164,16,5,11,cinerea,48340.wav
2,Spectrogram 1,1,16.26292695,18.05437524,793.59,2349.648,1722.656,1.7914,,17.4033,1.1494,258.398,6.140448811,2.791113096,8.931561907,16,5,11,cinerea,48340.wav
1,Spectrogram 1,1,1.962115337,4.44589921,812.749,4637.45,1875,2.4838,,3.4613,1.9307,281.25,6.45,2.82,9.26,23,,,cinerea,540791791.wav
2,Spectrogram 1,1,16.21504234,18.68498635,956.175,4350.598,1875,2.4699,,17.7227,1.616,281.25,5.69,2.84,8.5,21,,,cinerea,540791791.wav
3,Spectrogram 1,1,26.87822,29.39271685,621.514,4541.833,1875,2.5145,,28.4373,1.6747,281.25,6.37,2.78,9.15,23,,,cinerea,540791791.wav
1,Spectrogram 1,1,13.85738695,16.80429504,860.558,4302.789,1875,2.9469,,15.5147,1.9573,187.5,5.1,2.72,7.8,23,,,cinerea,605977801.wav
2,Spectrogram 1,1,29.05427405,32.14871259,812.749,4350.598,1875,3.0944,,30.7253,1.9147,187.5,5.17,2.58,7.76,24,,,cinerea,605977801.wav
3,Spectrogram 1,1,67.11468459,70.17640728,860.558,4302.789,1875,3.0617,,68.7733,1.7813,187.5,4.9,2.94,7.84,24,,,cinerea,605977801.wav
1,Spectrogram 1,1,0.220968454,3.168101928,878.486,4612.052,1894.922,2.9471,,1.9795,1.7937,258.398,4.76,3.06,7.8,23,,,cinerea,606056391.wav
1,Spectrogram 1,1,3.608693596,6.959623364,812.749,3059.761,1968.75,3.3509,,5.3333,2.3467,281.25,4.47,2.68,7.16,24,,,cinerea,608622398.wav
2,Spectrogram 1,1,22.20507448,25.61241758,860.558,3298.805,1968.75,3.4073,,23.9893,2.24,281.25,4.41,2.64,7.04,24,,,cinerea,608622398.wav
1,Spectrogram 1,1,0.702696717,4.487791301,621.514,3585.657,1593.75,3.7851,,2.56,2.7093,281.25,3.96,2.64,6.6,25,,,cinerea,609320712.wav
2,Spectrogram 1,1,11.80881231,15.45900012,621.514,3681.275,1593.75,3.6502,,13.4773,2.624,187.5,4.38,2.73,7.12,26,,,cinerea,609320712.wav
1,Spectrogram 1,1,14.78508762,18.38146028,573.705,3776.892,1593.75,3.5964,,16.48,2.5707,187.5,4.17,2.5,6.67,24,,,cinerea,609354109.wav
1,Spectrogram 1,1,6.358025608,9.923015035,1070.369,2782.959,1808.789,3.565,,8.8758,2.56,861.328,4.49,2.52,7.01,25,,,cinerea,611146750.wav
2,Spectrogram 1,1,21.85325055,25.45976964,1070.369,2889.996,1808.789,3.6065,,24.1545,2.1595,861.328,4.44,2.5,6.65,24,,,cinerea,611146750.wav
3,Spectrogram 1,1,39.62228339,43.19033294,999.011,2961.353,1894.922,3.568,,41.9178,2.2349,861.328,4.77,2.52,7.29,26,,,cinerea,611146750.wav
2,Spectrogram 1,1,10.08394394,12.79386488,1118.13,2608.97,1808.789,2.7099,,11.4881,1.1262,258.398,5.55,2.59,8.12,22,,,cinerea,611769259.wav
3,Spectrogram 1,1,15.13849311,16.97031577,1211.308,2671.089,1722.656,1.8318,,16.1146,1.2307,344.531,4.37,2.73,7.1,13,,,cinerea,611769259.wav
4,Spectrogram 1,1,22.74717791,24.92530231,1273.426,3261.213,1894.922,2.1781,,24.0152,1.2307,430.664,4.6,2.76,7.35,16,,,cinerea,611769259.wav
5,Spectrogram 1,1,30.75097014,32.87172683,1149.189,2826.385,1894.922,2.1208,,31.8287,1.4396,516.797,4.24,2.76,7.07,15,,,cinerea,611769259.wav
6,Spectrogram 1,1,40.4113567,42.48065421,1149.189,2733.207,1722.656,2.0693,,41.5753,1.2249,258.398,4.85,2.42,7.25,15,,,cinerea,611769259.wav
7,Spectrogram 1,1,50.18460381,52.2531697,1118.13,2702.148,1894.922,2.0686,,51.3393,1.6196,689.062,4.85,2.42,7.25,15,,,cinerea,611769259.wav
8,Spectrogram 1,1,59.61054134,61.66723449,1335.544,2795.326,1894.922,2.0567,,60.8537,1.2365,430.664,4.87,2.92,7.78,16,,,cinerea,611769259.wav
9,Spectrogram 1,1,69.23525404,71.48627697,1273.426,2764.266,1722.656,2.251,,70.6409,1.5383,430.664,5.33,2.66,8,18,,,cinerea,611769259.wav
1,Spectrogram 1,1,1.199177242,3.051977118,1098.108,4568.127,1981.055,1.8528,,2.055,1.4048,430.664,4.32,2.7,7.02,13,,,cinerea,611769382.wav
2,Spectrogram 1,1,11.11703123,13.28832011,1098.108,4612.052,1894.922,2.1713,,12.2659,1.5035,344.531,5.06,2.76,7.83,17,,,cinerea,611769382.wav
3,Spectrogram 1,1,22.8702552,25.21566526,834.562,4524.203,1894.922,2.3454,,24.1778,1.7415,430.664,5.12,2.56,7.67,18,,,cinerea,611769382.wav
4,Spectrogram 1,1,34.90251045,37.22283241,1142.032,4128.884,1894.922,2.3203,,36.1128,1.5267,689.062,4.74,2.58,7.33,17,,,cinerea,611769382.wav
5,Spectrogram 1,1,46.43154914,48.7078787,1273.805,3865.339,1981.055,2.2763,,47.7228,1.4919,344.531,3.52,2.64,6.15,14,,,cinerea,611769382.wav
6,Spectrogram 1,1,57.32655153,59.65233474,1185.956,4524.203,1981.055,2.3258,,58.6826,1.399,344.531,4.74,2.58,7.31,17,,,cinerea,611769382.wav
7,Spectrogram 1,1,71.86465798,74.06286658,1054.183,4041.036,1808.789,2.1982,,73.2125,1.4745,344.531,5.02,2.73,7.73,17,,,cinerea,611769382.wav
8,Spectrogram 1,1,86.3899917,88.83247744,1185.956,4260.657,1981.055,2.4425,,87.6437,1.4687,344.531,4.5,2.45,6.96,17,,,cinerea,611769382.wav
9,Spectrogram 1,1,97.54588668,99.82260273,1142.032,4260.657,1981.055,2.2767,,98.7893,1.4687,344.531,5.28,2.64,7.91,18,,,cinerea,611769382.wav
1,Spectrogram 1,1,0.566145003,3.58836024,922.41,2811.155,1808.789,3.0222,,2.2175,1.9505,258.398,3.63,2.31,5.96,18,,,cinerea,615555662.wav
2,Spectrogram 1,1,14.24950536,17.21344097,922.41,3030.777,1894.922,2.9639,,15.6851,1.8228,258.398,3.71,2.36,6.07,18,,,cinerea,615555662.wav
1,Spectrogram 1,1,9.609437389,12.74352854,702.789,4041.036,1894.922,3.1341,,11.3487,1.7647,344.531,4.47,2.55,7.02,22,,,cinerea,616325236.wav
2,Spectrogram 1,1,27.83641082,30.97050197,922.41,3997.112,1894.922,3.1341,,29.4603,1.875,344.531,4.47,2.55,7.02,22,,,cinerea,616325236.wav
1,Spectrogram 1,1,11.12698181,14.72039542,834.562,4348.506,1981.055,3.5934,,13.1483,2.0085,258.398,4.45,2.5,6.96,25,,,cinerea,616325237.wav
2,Spectrogram 1,1,34.34080083,37.74453278,746.713,4260.657,1894.922,3.4037,,36.3857,2.113,258.398,4.7,2.35,7.05,24,,,cinerea,616325237.wav
1,Spectrogram 1,1,9.335706578,12.48178991,1010.259,2564.463,1894.922,3.1461,,11.0121,1.9331,258.398,4.49,2.39,7.31,23,,,cinerea,616325238.wav
2,Spectrogram 1,1,33.92019166,37.29521009,834.562,4524.203,1894.922,3.375,,35.6949,1.9563,258.398,4.45,2.37,6.81,23,,,cinerea,616325238.wav
1,Spectrogram 1,1,2.35261971,4.719445427,1098.1,2833.1,1894.922,2.3668,,3.3437,1.7589,344.531,3.38,2.54,5.92,14,,,cinerea,616775450.wav
2,Spectrogram 1,1,13.70680059,16.10073094,1207.9,2679.4,1894.922,2.3939,,15.2091,1.6196,516.797,3.34,2.51,5.85,14,,,cinerea,616775450.wav
3,Spectrogram 1,1,23.70705525,26.09379301,1174.3,2739.9,1894.922,2.3867,,25.0485,1.6196,430.664,3.36,2.52,5.87,14,,,cinerea,616775450.wav
1,Spectrogram 1,1,6.934880902,9.719580149,1027.9,4111.6,1875,2.7847,,8.5867,1.776,281.25,4.67,2.87,7.54,21,,,cinerea,617005672.wav
2,Spectrogram 1,1,21.54863499,24.15262882,1004,4183.3,1875,2.604,,23.008,1.808,281.25,4.61,3.07,7.68,20,,,cinerea,617005672.wav
3,Spectrogram 1,1,36.68554856,39.31596932,1004,4087.6,1875,2.6304,,38.1227,1.8453,281.25,4.61,3.04,7.6,20,,,cinerea,617005672.wav
4,Spectrogram 1,1,51.81446964,54.47874946,884.5,4111.6,1875,2.6643,,52.912,1.6693,281.25,4.13,3,7.13,19,,,cinerea,617005672.wav
1,Spectrogram 1,1,3.437206185,6.333523753,1027.888,3968.127,1781.25,2.8963,,4.8907,2.1067,187.5,5.53,2.76,8.29,24,,,cinerea,617006292.wav
2,Spectrogram 1,1,17.79163223,20.83983625,1003.984,4015.936,1781.25,3.0482,,19.5467,2.048,187.5,5.26,2.96,8.2,25,,,cinerea,617006292.wav
3,Spectrogram 1,1,33.95026161,37.10321491,1123.506,4159.363,1781.25,3.153,,35.792,2.096,187.5,5.71,2.53,8.25,26,,,cinerea,617006292.wav
1,Spectrogram 1,1,2.971613056,6.268146037,1054.183,2657.42,1894.922,3.2965,,4.8297,2.2872,258.398,4.25,3.03,7.28,24,,,cinerea,617157970.wav
2,Spectrogram 1,1,18.15683258,21.4653967,1010.259,2569.572,1894.922,3.3086,,19.8589,2.1653,344.531,3.93,3.03,6.95,23,,,cinerea,617157970.wav
1,Spectrogram 1,1,6.728970894,9.097954205,902.514,2769.784,1722.656,2.369,,7.9877,1.817,602.93,3.799071338,2.954833263,6.753904601,16,7,9,cinerea,63600.wav
2,Spectrogram 1,1,16.98960672,19.58030257,902.514,2629.739,1722.656,2.5907,,18.3321,1.7299,516.797,3.859960628,3.087968503,6.947929131,18,8,10,cinerea,63600.wav
3,Spectrogram 1,1,23.2961668,25.85649107,824.711,2691.981,1808.789,2.5603,,24.6131,1.7357,172.266,3.90579229,3.124633832,7.030426122,18,8,10,cinerea,63600.wav
4,Spectrogram 1,1,33.65018051,36.21354194,1026.999,2738.663,1636.523,2.5634,,35.2769,1.7763,258.398,3.901068893,3.120855114,7.021924007,18,8,10,cinerea,63600.wav
5,Spectrogram 1,1,41.72990191,44.23555734,871.393,2536.375,1722.656,2.5057,,43.1485,1.7009,172.266,3.990900746,2.793630522,6.784531269,17,7,10,cinerea,63600.wav
1,Spectrogram 1,1,67.55492796,69.70755481,1012.275,2464.671,1636.523,2.1526,,68.9168,1.4512,344.531,4.18099043,2.787326953,6.968317384,15,6,9,cinerea,63616.wav
2,Spectrogram 1,1,82.20538168,84.48199983,902.246,2442.665,1550.391,2.2766,,83.4235,1.5499,258.398,3.953263639,3.074760608,7.028024247,16,7,9,cinerea,63616.wav
1,Spectrogram 1,1,5.05482222,7.83211637,1447.1,2750.7,1894.922,2.7773,,6.7744,1.9389,258.398,3.960681237,2.880495445,6.841176682,19,8,11,cinerea,63920.wav
2,Spectrogram 1,1,16.71026501,19.81034395,946.3,2728.7,1894.922,3.1001,,18.9126,1.9795,258.398,4.193413116,2.903132157,7.096545273,22,9,13,cinerea,63920.wav
1,Spectrogram 1,1,72.20699963,74.51449204,871.393,2832.026,1808.789,2.3075,,73.5318,1.6138,258.398,5.633802817,3.033586132,8.667388949,20,7,13,cinerea,68422.wav
2,Spectrogram 1,1,91.3716022,93.84121351,1034.281,2486.677,1808.789,2.4696,,92.7985,1.7763,258.398,5.264010366,3.239390994,8.503401361,21,8,13,cinerea,68422.wav
1,Spectrogram 1,1,274.0441771,276.7374394,1182.604,2707.542,1722.656,2.6933,,275.6092,2.1943,258.398,4.455500687,2.227750343,6.68325103,18,6,12,cinerea,68467.wav
2,Spectrogram 1,1,285.8413413,288.4159437,1213.726,2738.663,1722.656,2.5746,,287.3005,2.1014,258.398,4.272508351,2.3304591,6.602967451,17,6,11,cinerea,68467.wav
1,Spectrogram 1,1,117.3080217,119.1749286,1073.7,2474.1,1550.391,1.8669,,118.3173,1.0971,258.398,10.17729927,3.749531309,13.92683057,26,7,19,cinerea,80148.wav
2,Spectrogram 1,1,138.156474,140.325299,1151.5,2240.7,1636.523,2.1688,,139.1688,1.6254,689.062,7.377351531,4.149760236,11.52711177,25,9,16,cinerea,80148.wav
1,Spectrogram 1,1,7.922303135,10.06210288,622.4,2411.9,1550.391,2.1398,,9.0732,1.5093,344.531,3.738667165,2.804000374,6.542667539,14,6,8,cinerea,80149.wav
2,Spectrogram 1,1,38.93117142,41.155629,746.9,2520.8,1550.391,2.2245,,40.1705,1.4222,172.266,4.495392223,3.146774556,7.642166779,17,7,10,cinerea,80149.wav
1,Spectrogram 1,1,31.08919864,33.57972982,1135.9,2645.3,1636.523,2.4905,,32.2351,1.8866,344.531,4.416783778,2.810680586,7.227464365,18,7,11,cinerea,80152.wav
1,Spectrogram 1,1,1.941046721,5.43953381,677.966,3548.023,2062.5,3.4985,,4.152,2.464,562.5,3.430041446,2.00085751,5.430898957,19,7,12,cinerea,84813151.wav
2,Spectrogram 1,1,21.2207154,24.93279433,655.367,2779.661,2062.5,3.7121,,23.456,2.6613,562.5,2.963282239,2.155114356,5.118396595,19,8,11,cinerea,84813151.wav
1,Spectrogram 1,1,53.61503443,56.93693545,886.953,2380.769,1894.922,3.3219,,55.6582,2.1595,258.398,4.214455583,2.408260333,6.622715916,22,8,14,cinerea,90121.wav
2,Spectrogram 1,1,71.45601589,74.79421953,855.832,2676.42,1808.789,3.3382,,73.0093,2.1769,258.398,4.19387694,2.396501108,6.590378048,22,8,14,cinerea,90121.wav
1,Spectrogram 1,1,1.7970559,5.120958915,1092.2,3192.5,2062.5,3.3239,,3.8133,2.304,375,4.211919733,3.008514095,7.220433828,24,10,14,cinerea,Batara-cinerea-102723.wav
2,Spectrogram 1,1,16.78115462,20.17535165,1008.2,3129.5,2062.5,3.3942,,18.8907,2.176,375,4.124683283,2.946202345,7.070885628,24,10,14,cinerea,Batara-cinerea-102723.wav
3,Spectrogram 1,1,38.83534325,41.93872119,600.371,3220.173,1808.789,3.1034,,40.513,2.1304,258.398,5.32,2.5,7.82,25,,,cinerea,Batara-cinerea-149016.wav
2,Spectrogram 1,1,24.85653998,27.9805073,764.109,3165.594,1808.789,3.124,,26.5404,1.9215,258.398,5.44,2.56,8,25,,,cinerea,Batara-cinerea-149016.wav
3,Spectrogram 1,1,38.83534325,41.93872119,600.371,3220.173,1808.789,3.1034,,40.513,2.1304,258.398,5.48,2.58,8.06,25,,,cinerea,Batara-cinerea-149016.wav
1,Spectrogram 1,1,2.460422747,5.074833,891.089,3148.515,1968.75,2.6144,,3.936,1.7333,375,4.21,2.68,6.88,18,,,cinerea,Batara-cinerea-343218.wav
1,Spectrogram 1,1,1.518829269,4.844760271,677.966,3276.836,2062.5,3.3259,,3.6107,2.4987,375,6.314080399,3.608045942,9.922126342,33,12,21,excubitor,108646261.wav
2,Spectrogram 1,1,16.40679569,20.2065428,700.565,3276.836,2062.5,3.7997,,18.5093,2.7493,375,6.5794668,3.158144064,9.737610864,37,12,25,excubitor,108646261.wav
1,Spectrogram 1,1,15.55319348,19.46811146,954.295,2760.113,1894.922,3.9149,,17.7981,2.6645,430.664,6.385859153,2.809778028,9.195637181,36,11,25,excubitor,132786.wav
2,Spectrogram 1,1,41.52079984,45.29935659,983.657,2774.795,1981.055,3.7786,,43.6941,2.6471,430.664,6.351558778,2.911131107,9.262689885,35,11,24,excubitor,132786.wav
1,Spectrogram 1,1,1.772831881,4.50426341,812.749,3107.57,1875,2.7314,,3.36,1.792,281.25,6.25,2.5,8.75,28,8,20,excubitor,170689891.wav
1,Spectrogram 1,1,3.655611692,7.311223384,764.94,4733.068,1875,3.6556,,5.6347,2.3253,562.5,7.04,2.56,9.6,30,8,22,excubitor,174400511.wav
2,Spectrogram 1,1,28.06767945,31.27748484,1003.984,5067.729,1875,3.2098,,29.672,2.2213,562.5,6.44,2.58,9.02,28,8,20,excubitor,174400511.wav
3,Spectrogram 1,1,46.36555153,49.61498414,764.94,5258.964,1875,3.2494,,48.3493,2.0613,562.5,7.65,3.06,10.71,28,8,20,excubitor,174400511.wav
1,Spectrogram 1,1,18.41685667,21.37505253,1100.424,2865.254,1981.055,2.9582,,20.2188,1.904,258.398,7.0989115,3.718477453,10.81738895,32,11,21,excubitor,195366.wav
2,Spectrogram 1,1,27.69474534,30.62689056,1225,2886.017,1981.055,2.9321,,28.8508,2.1711,344.531,7.162102248,3.751577368,10.91367962,32,11,21,excubitor,195366.wav
1,Spectrogram 1,1,5.797508732,9.349477971,927.847,4584.653,2153.32,3.552,,8.0921,1.8576,344.531,6.52,3.85,10.37,35,13,22,excubitor,33676.wav
2,Spectrogram 1,1,28.58026509,32.343841,1200.743,4867.42,2153.32,3.7636,,30.7548,1.9969,344.531,6.64,3.32,9.96,39,13,26,excubitor,33676.wav
3,Spectrogram 1,1,47.40236639,50.94677825,1131.067,4984.707,2153.32,3.5444,,49.6675,2.084,344.531,8.04,3.86,11.89,37,12,25,excubitor,33676.wav
4,Spectrogram 1,1,71.12364545,74.81164755,821.011,4750.133,2153.32,3.688,,73.3809,2.2291,344.531,7.64,3.97,11.61,38,13,25,excubitor,33676.wav
5,Spectrogram 1,1,78.5678433,82.31630446,938.298,4867.42,2153.32,3.7485,,81.0144,2.2756,344.531,7.65,3.53,11.18,38,12,26,excubitor,33676.wav
6,Spectrogram 1,1,88.0933683,91.87205898,938.298,4750.133,2153.32,3.7787,,90.4649,2.1362,344.531,8.4,4.2,12.6,39,13,26,excubitor,33676.wav
7,Spectrogram 1,1,95.77776232,99.70760062,821.011,4867.42,2153.32,3.9298,,98.2378,2.2698,344.531,7.55,3.78,11.33,39,13,26,excubitor,33676.wav
8,Spectrogram 1,1,109.8037965,113.658061,821.011,4984.707,2153.32,3.8543,,112.0595,2.3104,344.531,7.52,3.76,11.28,39,13,26,excubitor,33676.wav
9,Spectrogram 1,1,117.9694029,121.9707149,938.298,4691.489,2153.32,4.0013,,120.4883,2.2291,344.531,7.47,3.87,11.34,41,14,27,excubitor,33676.wav
10,Spectrogram 1,1,135.8329468,139.7476703,762.367,5336.569,2067.188,3.9147,,138.2226,2.3684,344.531,7.12,3.56,10.68,39,13,26,excubitor,33676.wav
11,Spectrogram 1,1,152.6658168,156.5049665,762.367,4926.064,2067.188,3.8391,,154.9874,2.2698,344.531,7.5,3.46,10.96,38,12,26,excubitor,33676.wav
12,Spectrogram 1,1,185.7907053,189.4182484,843.088,4928.824,2153.32,3.6275,,188.2616,2.0724,344.531,7.5,3.46,10.96,38,12,26,excubitor,33676.wav
13,Spectrogram 1,1,203.0157391,206.8246593,907.941,4928.824,2153.32,3.8089,,205.334,2.0956,258.398,7.42,3.86,11.28,38,13,25,excubitor,33676.wav
14,Spectrogram 1,1,215.2876408,219.2325939,972.794,4734.265,2067.188,3.945,,217.7683,2.2291,258.398,7.92,3.96,11.87,39,13,26,excubitor,33676.wav
15,Spectrogram 1,1,224.5558048,228.0170855,1232.206,4507.279,2842.383,3.4613,,226.4062,2.6587,861.328,6.84,3.01,9.84,36,11,25,excubitor,33676.wav
16,Spectrogram 1,1,236.1806418,240.1255949,1037.647,4993.676,2067.188,3.945,,238.6373,2.2233,258.398,7.44,3.72,11.16,39,13,26,excubitor,33676.wav
17,Spectrogram 1,1,256.9090205,261.0353507,972.794,4799.118,2067.188,4.1263,,259.454,2.3684,258.398,7.5,3.75,11.25,39,13,26,excubitor,33676.wav
18,Spectrogram 1,1,278.9511534,283.1379427,843.088,5058.529,2067.188,4.1868,,281.571,2.3742,258.398,7.75,3.73,11.48,40,13,27,excubitor,33676.wav
19,Spectrogram 1,1,303.0758436,307.0359114,778.235,4799.118,2067.188,3.9601,,305.5165,2.3626,258.398,7.58,3.79,11.37,39,13,26,excubitor,33676.wav
20,Spectrogram 1,1,328.4987635,332.609979,907.941,5317.941,2067.188,4.1112,,331.0527,2.3046,258.398,7.81,3.76,11.57,40,13,27,excubitor,33676.wav
21,Spectrogram 1,1,347.9297326,351.8444562,907.941,5317.941,2239.453,3.9147,,350.4355,2.2233,344.531,5.98,2.76,8.75,38,12,26,excubitor,33676.wav
1,Spectrogram 1,1,1.685754983,5.133960183,1174.516,2657.343,2067.188,3.4482,,3.7965,2.0898,430.664,6.960153123,3.190070182,10.1502233,35,11,24,excubitor,478293751.wav
2,Spectrogram 1,1,23.50249167,26.70225136,1291.968,3024.38,2067.188,3.1998,,25.3852,2.4207,430.664,6.875429714,2.50015626,9.375585974,30,8,22,excubitor,478293751.wav
1,Spectrogram 1,1,1.822101641,5.124660864,1217.822,4396.04,1968.75,3.3026,,3.8453,2.288,281.25,6.96,3.66,10.62,29,10,19,excubitor,504168911.wav
2,Spectrogram 1,1,18.36964603,21.7006756,1158.416,4336.634,1968.75,3.331,,20.4907,2.24,375,5.2,2.74,7.93,29,10,19,excubitor,504168911.wav
3,Spectrogram 1,1,36.85840934,40.20367407,1128.713,4693.069,1968.75,3.3453,,39.0933,2.2027,281.25,6.23,3.12,9.35,30,10,20,excubitor,504168911.wav
1,Spectrogram 1,1,3.225373948,6.235722967,1273.805,4655.976,2067.188,3.0103,,4.9807,2.1246,344.531,6.15,2.77,8.92,29,9,20,excubitor,510623171.wav
2,Spectrogram 1,1,18.06958487,21.06798806,1273.805,4743.825,2153.32,2.9984,,19.9111,2.1014,344.531,5.63,2.53,8.16,29,9,20,excubitor,510623171.wav
3,Spectrogram 1,1,33.13021581,36.31975227,1273.805,4743.825,2153.32,3.1895,,34.9518,2.3278,258.398,5.58,2.39,7.97,30,9,21,excubitor,510623171.wav
1,Spectrogram 1,1,6.382398134,9.258719886,1321.3,2628,2239.453,2.8763,,8.3476,2.2756,1033.594,6.605708723,3.476688802,10.08239752,29,10,19,excubitor,52487.wav
2,Spectrogram 1,1,22.8082252,25.4923757,1276.9,2460.4,2067.188,2.6842,,24.4332,2.084,689.062,7.078459131,3.725504806,10.80396394,29,10,19,excubitor,52487.wav
1,Spectrogram 1,1,10.85034423,13.87219733,1162.712,3052.119,1894.922,3.0219,,12.8116,2.2059,258.398,7.280187961,2.978258711,10.25844667,31,9,22,excubitor,594365761.wav
2,Spectrogram 1,1,25.21826357,28.50130197,1038.136,3072.881,1981.055,3.283,,27.2544,2.3162,344.531,7.310386841,3.350593969,10.66098081,35,11,24,excubitor,594365761.wav
3,Spectrogram 1,1,40.36924111,43.41842756,1162.712,2927.542,2067.188,3.0492,,42.3242,2.0666,258.398,7.215007215,3.607503608,10.82251082,33,11,22,excubitor,594365761.wav
1,Spectrogram 1,1,0.877707217,4.072460532,1152.542,3389.831,2062.5,3.1948,,2.96,2.4427,375,6.886190059,3.443095029,10.32928509,33,11,22,excubitor,85259711.wav
2,Spectrogram 1,1,76.44533904,79.76620519,836.158,2779.661,2062.5,3.3209,,78.2987,1.8853,562.5,6.925833358,3.312355084,10.23818844,34,11,23,excubitor,85259711.wav
1,Spectrogram 1,1,7.482092197,10.13790442,1056.287,2970.808,1722.656,2.6558,,8.8642,2.2117,344.531,7.907221929,3.388809398,11.29603133,30,9,21,excubitor,90114.wav
2,Spectrogram 1,1,33.43910396,36.13767524,1034.281,3014.82,1722.656,2.6986,,34.7196,2.3104,344.531,8.152375306,3.705625139,11.85800044,32,10,22,excubitor,90114.wav
1,Spectrogram 1,1,1.634026609,4.676609422,996.61,3155.932,1981.055,3.0426,,3.3727,2.0201,344.531,6.244659173,2.95799645,9.202655623,28,9,19,excubitor,Batara-cinerea-1709.wav
2,Spectrogram 1,1,17.44300108,20.67614207,1162.712,3031.356,1981.055,3.2331,,19.2145,2.293,344.531,6.186013424,2.783706041,8.969719464,29,9,20,excubitor,Batara-cinerea-1709.wav
1,Spectrogram 1,1,0.841457694,3.4735936,1079.661,3342.797,1894.922,2.6321,,2.4497,1.8982,258.398,7.218570723,3.419322974,10.6378937,28,9,19,excubitor,Batara-cinerea-296328.wav
2,Spectrogram 1,1,10.82718942,13.55064433,913.559,3176.695,2067.188,2.7235,,12.4865,1.875,258.398,7.34349183,3.304571324,10.64806315,29,9,20,excubitor,Batara-cinerea-296328.wav
1,Spectrogram 1,1,4.149736715,7.83393686,939.613,2848.202,1981.055,3.6842,,6.3623,2.3742,258.398,6.785733674,3.257152163,10.04288584,37,12,25,excubitor,Batara-cinerea-349101.wav
2,Spectrogram 1,1,18.78436584,22.18098693,768.22,3508.898,2153.32,3.3966,,20.8515,2.293,430.664,6.182653241,3.23853265,9.421185892,32,11,21,excubitor,Batara-cinerea-349101.wav
3,Spectrogram 1,1,33.18839158,36.25712891,934.322,3612.712,2153.32,3.0687,,35.0331,2.0434,344.531,6.517417799,3.2587089,9.776126699,30,10,20,excubitor,Batara-cinerea-349101.wav
4,Spectrogram 1,1,50.66525931,53.9759303,1079.661,3280.508,2239.453,3.3107,,52.5932,2.4961,430.664,6.041018516,3.020509258,9.061527774,30,10,20,excubitor,Batara-cinerea-349101.wav
5,Spectrogram 1,1,72.52046216,75.99666669,1017.373,3550.424,2153.32,3.4762,,74.5709,2.1769,344.531,5.753408895,3.164374892,8.917783787,31,11,20,excubitor,Batara-cinerea-349101.wav
1,Spectrogram 1,1,22.51102877,25.86764475,1027.702,3347.372,2153.32,3.3566,,24.4448,2.4613,344.531,5.958410296,2.979205148,8.937615444,30,10,20,excubitor,Batara-cinerea-351479.wav
2,Spectrogram 1,1,43.47039294,46.97680325,1141.949,3322.034,2067.188,3.5064,,45.4008,2.3626,344.531,5.703855807,3.137120694,8.8409765,31,11,20,excubitor,Batara-cinerea-351479.wav
1,Spectrogram 1,1,13.92889925,17.31571571,1076.293,3447.047,2067.188,3.3868,,15.8186,2.2407,344.531,6.495807252,3.247903626,9.743710878,33,11,22,excubitor,Batara-cinerea-351767.wav
2,Spectrogram 1,1,28.32305122,31.38844154,1047.204,3403.413,2067.188,3.0654,,30.1917,2.0898,344.531,6.524434005,3.262217003,9.786651008,30,10,20,excubitor,Batara-cinerea-351767.wav
3,Spectrogram 1,1,45.76383472,49.12696715,1032.66,3214.335,2067.188,3.3631,,47.717,2.4787,430.664,6.244238946,2.973447117,9.217686063,31,10,21,excubitor,Batara-cinerea-351767.wav
4,Spectrogram 1,1,65.54963709,68.92968668,1105.382,3359.78,2239.453,3.38,,67.6629,2.1478,344.531,6.213017751,2.958579882,9.171597633,31,10,21,excubitor,Batara-cinerea-351767.wav
1,Spectrogram 1,1,1.033179475,4.236358299,1057.065,2451.803,1894.922,3.2032,,2.8328,2.5832,430.664,6.243756244,3.121878122,9.365634366,30,10,20,excubitor,Batara-cinerea-4571.wav
2,Spectrogram 1,1,17.27534184,20.28213989,1218.561,2936.291,1894.922,3.0068,,19.0229,2.4323,430.664,6.319010243,2.993215378,9.312225622,28,9,19,excubitor,Batara-cinerea-4571.wav
1,Spectrogram 1,1,1.839336649,4.446128967,745.763,3096.045,1875,2.6068,,3.36,1.792,281.25,7.288629738,3.068896732,10.35752647,27,8,19,excubitor,Batara-cinerea-489683.wav
1,Spectrogram 1,1,2.020754317,5.075603566,1273.805,7467.131,2153.32,3.0548,,3.8197,1.7763,344.531,6.06,2.76,8.82,32,10,22,excubitor,Batara-cinerea-96652.wav
2,Spectrogram 1,1,27.10484152,30.17866499,1142.032,7291.434,2153.32,3.0738,,28.9611,1.9331,344.531,5.78,2.89,8.66,33,11,22,excubitor,Batara-cinerea-96652.wav
3,Spectrogram 1,1,46.71377471,49.8065724,1054.183,7247.51,2153.32,3.0928,,48.7096,1.9621,344.531,6.08,2.28,8.37,33,9,24,excubitor,Batara-cinerea-96652.wav
4,Spectrogram 1,1,101.198948,104.5004621,1229.88,7159.661,2153.32,3.3015,,103.3172,1.9273,344.531,6.64,3.18,9.82,34,11,23,excubitor,Batara-cinerea-96652.wav
5,Spectrogram 1,1,123.5169969,126.7615884,922.41,7203.586,2153.32,3.2446,,125.5038,2.4265,344.531,6.08,2.53,8.62,34,10,24,excubitor,Batara-cinerea-96652.wav
6,Spectrogram 1,1,156.4343307,159.5176413,1185.956,7247.51,2239.453,3.0833,,158.4181,1.8518,430.664,5.57,2.42,8,33,10,23,excubitor,Batara-cinerea-96652.wav
7,Spectrogram 1,1,179.3880159,182.5472233,1229.88,7203.586,2067.188,3.1592,,181.4755,2.1246,344.531,5.49,2.39,7.88,33,10,23,excubitor,Batara-cinerea-96652.wav
1,Spectrogram 1,1,2.020754317,5.075603566,1273.805,7467.131,2153.32,3.0548,,3.8197,1.7763,344.531,7.201780804,3.273536729,10.47531753,32,10,22,excubitor,Batara-cinerea-96652.wav
2,Spectrogram 1,1,27.10484152,30.17866499,1142.032,7291.434,2153.32,3.0738,,28.9611,1.9331,344.531,7.157264624,3.578632312,10.73589694,33,11,22,excubitor,Batara-cinerea-96652.wav
1,Spectrogram 1,1,2.928705343,6.052657709,1361.653,4655.976,2239.453,3.124,,4.8994,2.1014,344.531,5.81,2.78,8.59,34,11,23,excubitor,Batara-cinerea-96653.wav
2,Spectrogram 1,1,24.42765812,27.43446227,1229.88,4875.598,2067.188,3.0068,,26.2501,2.084,344.531,5.35,2.68,8.03,33,11,22,excubitor,Batara-cinerea-96653.wav
3,Spectrogram 1,1,42.85855409,46.15822877,1010.259,4743.825,2239.453,3.2997,,44.8667,2.1711,344.531,6.13,2.55,8.69,34,10,24,excubitor,Batara-cinerea-96653.wav
4,Spectrogram 1,1,61.91565031,65.13722619,1273.805,4699.9,2153.32,3.2216,,63.7678,2.2465,344.531,6.96,3.03,9.99,33,10,23,excubitor,Batara-cinerea-96653.wav
5,Spectrogram 1,1,91.01774765,94.27837293,1405.578,4304.582,2067.188,3.2606,,92.9553,2.0782,344.531,7.21,3,10.21,34,10,24,excubitor,Batara-cinerea-96653.wav
6,Spectrogram 1,1,117.2106643,120.5298637,1054.183,4699.9,2153.32,3.3192,,119.2751,2.1304,344.531,7.47,3.29,10.76,36,11,25,excubitor,Batara-cinerea-96653.wav
7,Spectrogram 1,1,138.095752,141.4930502,1098.108,4831.673,1981.055,3.3973,,140.2137,2.3452,344.531,7.64,3.65,11.29,34,11,23,excubitor,Batara-cinerea-96653.wav
8,Spectrogram 1,1,160.1960232,163.3785497,1273.805,4348.506,1981.055,3.1825,,161.9998,2.1304,344.531,7.67,3.67,11.34,34,11,23,excubitor,Batara-cinerea-96653.wav
9,Spectrogram 1,1,181.638023,184.8595989,1229.88,4875.598,1981.055,3.2216,,183.5479,2.1769,344.531,7.84,3.14,10.97,35,10,25,excubitor,Batara-cinerea-96653.wav
1,Spectrogram 1,1,0.611357109,3.406927984,1174.516,2804.158,2325.586,2.7956,,1.7357,2.1188,344.531,6.438689369,3.577049649,10.01573902,28,10,18,excubitor,Batara-cinerea-96656.wav
2,Spectrogram 1,2,21.1522135,23.74075097,1453.464,2921.609,2153.32,2.5885,,22.6685,1.9737,344.531,6.567510141,5.022213637,11.58972378,30,13,17,excubitor,Batara-cinerea-96656.wav
1,Spectrogram 1,1,0.240355523,3.517930839,818.688,4311.757,1981.055,3.2776,,2.2523,2.2349,344.531,6.2,3.1,9.3,36,12,24,excubitor,Batara-cinerea-96662.wav
